max_sh_el (deg),sh_el_error (deg),new_precal_angle (deg),contra_new_precal_angle (deg)
3.2271085211558734,55.41989147884412,17.200813269737772,23.339583320160013
12.491242484694405,46.155757515305595,26.70245299117062,9.869521816728577
12.84726965153893,45.79973034846107,52.2071570957495,46.64641888091301
35.02747940007804,17.83752059992196,6.043934908564902,8.955654318088003
39.65158474701114,13.21341525298886,6.5142127058878785,8.137668988802655
39.800547810692265,13.064452189307737,6.266632081114627,7.7841944473637374
46.52983472214352,6.335165277856483,5.995184112728373,7.767408888410179
49.859092759918425,3.0059072400815765,6.494556486976506,7.508696925315725
48.12086305381746,4.744136946182543,7.135588784923536,6.480199009518938
52.8902494633346,-0.0252494633345961,6.740725137642721,7.287311566004166
59.422403822107434,-6.557403822107432,6.817997527633471,7.130473302079738
54.99506634239556,-2.1300663423955584,6.706743993278938,7.16469956122229
56.974428218431704,-4.109428218431702,7.46579381925341,7.046397459585083
62.008374801712,-9.143374801712,8.176876532110573,6.985418074419182
65.26828739582889,-12.40328739582889,8.05856372427772,7.080917204422284
57.584717086183474,-4.719717086183472,7.786967539845051,6.744593691711519
38.24741829149707,14.617581708502932,7.16489123030906,7.067412560815282
43.07889989014371,9.786100109856292,7.37953607145961,7.122462714256921
54.31723016606765,-1.4522301660676504,6.448074796525497,7.66518601411945
58.195586564563946,-5.330586564563944,6.685656812053617,7.386100585875262
51.808947717598706,1.0560522824012963,7.971959833743647,6.953389063603908
50.51420364072744,2.3507963592725645,6.391202135500941,7.475958555946766
48.70102929694316,4.16397070305684,5.858157680911625,8.453288093435715
50.337468086574944,8.623531913425055,7.5902905630884305,12.084636278236626
55.52125021411728,3.439749785882718,7.5671414465825535,10.334757199828438
56.17509143405991,2.7859085659400904,10.010700727788572,8.65662181843136
49.2122964339382,9.748703566061799,26.69837152663793,8.954403762995963
47.77301074407975,11.18798925592025,23.25722799181299,8.620857460984535
39.98143889989136,18.97956110010864,21.104002654755632,8.742690716970865
43.70765993313117,15.25334006686883,16.385802992408006,8.665783682081871
44.35572523478589,14.605274765214105,14.836411558465924,8.580528702115853
49.160848556371825,9.800151443628174,16.65408747767218,8.536951751920594
49.74033733228615,9.220662667713846,15.039128836837838,8.810530466708682
43.018881808981064,15.942118191018935,16.252999256802394,8.799799378271217
43.96860423424686,14.992395765753137,30.1464856885319,29.9040829344554
37.347063703888786,21.613936296111213,17.190486044531205,8.38159601211022
32.62060187496025,26.340398125039748,18.12053078425922,9.946015895158215
37.848511313156514,21.112488686843484,17.587681769003588,8.36851264325194
38.7374555378475,20.223544462152496,20.51743507184321,8.45091815518192
28.47329056050641,30.48770943949359,20.633335086108904,8.431492324497107
23.95767974654417,35.003320253455826,21.49469279549684,6.941700553861385
25.117247842672338,33.84375215732766,18.338368997622016,7.599592556588012
25.70909254233136,33.251907457668636,16.361173875810195,7.775490645194972
17.72748841644383,35.137511583556176,6.537110578540049,8.409009971038712
28.788427824669736,24.076572175330266,7.081443560301875,9.112897398311686
36.642974648837836,16.222025351162166,24.932524975386396,7.873025349078613
42.45669424271344,10.408305757286563,16.322819775616207,7.961068537980727
40.82408183729539,12.040918162704614,12.573159271264052,8.322229720814185
51.17633966045895,1.6886603395410518,10.993810738652934,8.259587720345053
51.693918509783856,1.171081490216146,11.561256129230463,7.94420960159177
54.00237909566451,-1.1373790956645067,47.00078353852723,9.50170844781029
62.94978295249953,-10.08478295249953,26.180651540790418,8.401814222586726
16.11895257096304,36.74604742903696,5.408634304750257,7.949100621880076
27.25584201358159,25.609157986418413,7.797622209605815,7.717826319898224
33.100692575168026,19.764307424831976,8.224234404580237,6.749535246629451
42.65451208779392,10.210487912206084,7.4065277282232,7.186544381911355
40.99448344541241,11.870516554587589,7.133719031594928,7.38615371615827
42.88252413377726,9.982475866222742,7.227920178353741,7.065330508170815
17.884099011253785,34.980900988746214,8.963636238009052,14.760172013450578
24.285955627994866,28.579044372005136,10.546970403963407,7.335427202679183
35.05423407105701,17.810765928942992,7.823882214071069,6.52906637394122
46.5535301833506,6.311469816649399,6.7242955254666645,6.663267189671538
37.21964174230792,15.64535825769208,7.529783697611786,6.547930688559249
42.69759920766043,10.16740079233957,6.939722299576563,6.82745532847694
43.76691721661742,9.09808278338258,6.77326267016577,6.637494134116231
43.40604563281761,9.458954367182393,6.633770346609423,6.598646655623174
39.9122199337604,12.952780066239605,6.92158097704342,6.323783305111611
42.94353699164358,9.921463008356419,7.189328329828065,6.325984272335515
40.5217288899456,12.343271110054403,6.903250148621108,6.26703879285519
42.411167534126506,10.453832465873496,8.45275375319571,6.269541055897113
43.810966389100535,9.054033610899467,7.955099154114995,6.499083865826524
41.00970407074881,11.855295929251191,7.065025089116407,6.521703886461729
40.15041585621169,12.714584143788315,7.618703622423325,6.492623848607513
43.994288307619215,8.870711692380787,7.0536319032907295,6.896143161209104
40.91898442710887,11.946015572891135,7.9147260131283375,6.601796098048695
48.96060389595106,3.904396104048942,9.601668591692336,6.786309346532114
37.82828543605846,15.036714563941544,8.420305240964185,6.561004945953184
41.57858970328218,11.286410296717825,7.220968137781195,6.659381057578461
37.90236318609586,21.058636813904137,21.79515568939571,8.094878233212778
46.140355375306,12.820644624693998,15.128904038720657,7.954605617489727
34.1586955918162,24.8023044081838,40.84211571156696,9.947973172922058
29.64819841006055,29.312801589939447,14.535517118296458,7.840797956159636
42.696304131795046,16.264695868204953,12.28284535528275,7.405759409670575
54.7078572107748,4.253142789225201,14.80039872277354,7.500198618112295
47.84358673878866,11.11741326121134,18.123187855462582,7.553592234667903
38.111224201460345,20.849775798539653,37.49047533538349,7.933849534485117
45.77122739839047,13.189772601609526,16.788724102812797,6.970632004769286
22.474539492950175,36.48646050704983,19.59407780262921,6.9184913940140955
38.10085364623185,20.86014635376815,25.18091094906796,7.855603893343576
36.19440635572048,22.766593644279517,22.13366118337432,9.875556997703958
38.1212236010044,20.839776398995596,16.87752582212184,7.820268816423549
36.57934490515429,22.381655094845712,16.464789863324967,8.395548004993943
40.973821264267976,17.987178735732023,15.329908738372458,8.484060632550756
38.50494451655191,20.45605548344809,16.60284275690234,8.210591203811603
47.85981355360483,11.101186446395168,21.094553834153263,8.013148929958252
20.412064592138655,38.54893540786134,13.884255313048586,8.018928496761783
29.871443459707073,29.089556540292925,27.40223720117537,8.80457531098644
33.09932340403261,25.86167659596739,20.338593500113788,8.176012084946258
43.49397266144918,40.23102733855082,5.269534472738357,8.551915280368476
67.83511794790931,15.889882052090684,6.313201813429525,7.376504336145441
70.29679432685707,13.428205673142926,5.703101677763073,7.7330439132398485
42.83545678297624,40.88954321702376,5.212595243742701,7.434530514623603
46.94583660021432,36.77916339978567,6.025711610607379,6.958859565662613
48.52806950254555,35.196930497454446,5.758438635528653,7.08936190399712
48.77919673730583,34.94580326269416,5.657418448484432,6.906204511745143
41.67140149778679,42.053598502213205,5.121778563208343,7.250549696159534
42.57352228634088,41.15147771365911,5.271021655802933,7.884958629703426
44.80428217689362,38.92071782310637,5.211241833822647,8.272248749922694
37.54194680780787,46.183053192192126,5.239627627547275,7.416402838253514
43.44849104730535,40.27650895269464,5.419745909053469,7.410288696147518
44.515524889380906,39.20947511061909,5.421661900797179,7.27248871327553
44.71681128085976,39.008188719140236,5.410554219616612,7.484038510562776
45.211632206960076,38.51336779303992,5.960884683177047,7.0557729951403765
46.94018821320779,36.784811786792204,6.0896900501947755,7.265011995963866
38.63214888933853,45.092851110661464,5.257920049084667,6.934604495834741
31.535204830577527,52.18979516942247,5.435343424640549,7.330236315293894
31.67979796031902,52.04520203968097,5.482406701290204,6.971419882278582
32.6333634841931,51.0916365158069,5.193125026984934,7.314319784496079
42.43801620361339,45.55998379638662,23.087853712901403,7.887124127035614
44.46112522406788,43.53687477593213,11.265070744731117,7.907009121788336
46.12228403404719,41.875715965952814,15.154816991005331,8.018952977646805
48.01447196530422,39.98352803469579,15.27021960962208,8.242168113252841
59.68796831684055,28.31003168315945,9.258881442410958,8.174210861733407
61.97318023852309,26.024819761476913,22.954707318070312,9.541038225133525
43.82086837839498,44.17713162160503,13.0681720826155,8.951068102220333
48.79174362862485,39.206256371375154,16.32064456186949,9.272053213394656
46.13303927245997,41.86496072754004,7.344034950925058,8.863438481881593
24.145182440488586,63.85281755951142,15.175430137037397,7.174933032838214
44.52781690574077,43.470183094259234,8.709059149054568,7.633114975704482
63.09902530092494,24.898974699075062,9.733306240380491,8.33562079379209
63.33347235681156,24.664527643188443,9.043179756256881,8.11394283967614
59.67154723400733,28.326452765992677,10.592769509832117,8.515068739244084
42.49160640594752,45.50639359405248,9.036920100933502,8.358228657479586
43.03040326878293,44.96759673121707,7.763693528713297,8.684576227849169
44.430229526851804,43.5677704731482,8.007610375533195,8.201044310055872
46.11431241551697,41.883687584483035,6.323101160426281,8.146904065839163
46.268974788983726,41.72902521101628,7.969053649831275,8.503505817024125
48.883817945034295,39.11418205496571,8.230510845756896,8.200373938106523
48.947559445418875,39.05044055458113,10.208718979938519,8.423523038207284
44.0024016437926,43.9955983562074,6.77077199322543,8.60507714986924
46.89607962733955,41.10192037266045,5.0859236423972005,7.391730282442865
50.259052947199386,37.73894705280062,5.010006490655216,8.213603722759943
50.899105850176596,37.09889414982341,6.094452613077944,7.671123734532189
48.39539486559635,39.60260513440365,5.425564097950234,7.79772289392838
54.32261268413489,33.675387315865116,5.115232863112116,7.293770330296723
55.51060130884038,32.487398691159626,5.371040961370227,8.122697149856023
55.749200845470575,32.24879915452943,5.487765861443292,8.560270667757905
53.90527597200418,34.09272402799582,5.276817676196576,8.36893500438603
45.31727622998091,13.643723770019086,14.889347482817234,11.975197850211684
47.87206368718415,11.088936312815846,14.843398580575847,12.577849172091689
43.99194907221404,14.969050927785958,15.914736366628182,13.109010129318245
46.06387940890081,12.897120591099188,14.757035051520782,12.961093940680982
46.618788119208666,12.342211880791332,16.434011997581724,13.156732162917557
41.672866773037015,17.288133226962984,14.88067946061909,12.557021647593396
44.19251386348138,14.768486136518618,17.293477672486198,13.054345035374116
40.242743335018076,18.718256664981922,15.796677339520656,13.238284512945317
38.70542297834536,20.255577021654638,14.34498020762828,12.329936436678725
43.42279338251165,15.538206617488349,15.417015642217622,12.836656081669144
43.20373348597152,15.75726651402848,14.938841510811681,14.125760901471638
39.003418574006,19.957581425994,15.156972273834077,13.241162412499705
37.317643584407136,21.643356415592862,16.22756306510275,13.603175211241894
31.516399507260008,27.44460049273999,14.584544007229423,13.496476663760532
32.198328931939685,26.762671068060314,15.032981249224518,13.516479846356072
37.74356325323711,21.217436746762885,14.25114213436354,13.091547128677668
38.34231465205742,20.61868534794258,14.745057657140778,12.391198576526667
38.38686176627147,20.574138233728526,15.677966958682386,12.81063715536779
39.30325345585564,19.65774654414436,15.25147131043746,13.328015586917214
37.22044748856569,21.74055251143431,15.19700612301463,12.911989084379881
35.48351497649997,17.381485023500034,12.648850163065466,10.727979865376229
38.15070530832922,14.71429469167078,14.000493838183925,11.482281939463059
30.283285506179602,22.5817144938204,14.737004789497796,11.775218467109447
33.58690961121194,19.278090388788065,13.905672295967163,12.00370470258719
36.505709504437206,16.359290495562796,14.01818438577832,12.536285946238467
39.314435679746246,13.550564320253756,16.321969166946094,12.930331407441216
38.68851386737956,14.17648613262044,13.517970147997296,12.763467622613867
35.231099390981235,17.633900609018767,12.593271361091047,12.030867106054922
36.710227607326615,16.154772392673387,11.413766311297435,11.30045207871957
40.294434784784706,12.570565215215296,12.211122743618013,11.88970417807623
40.49682691123108,12.36817308876892,10.577580736867239,11.512163096098424
37.613257450906126,15.251742549093876,11.839790486321252,11.364252710672082
37.80730791180606,15.057692088193939,11.49425045360543,12.759772623983082
37.53673446854321,15.328265531456793,12.676269543695106,12.97086559737011
39.44421926726698,13.420780732733022,13.464275971235313,11.838375601447058
33.34401573190531,19.520984268094693,13.257985087212587,12.404035322239306
31.297464125348373,21.56753587465163,13.261082106714486,12.637616277158402
33.37943747022534,19.48556252977466,12.842265429358836,12.308391731742352
34.6985195006712,18.1664804993288,13.33513943713959,12.264515340029416
34.88647671823819,17.97852328176181,13.051683756014064,13.25913166282734
54.99087461862312,3.9701253813768815,20.71399074237822,11.185089653088703
64.60448770416085,-5.643487704160847,18.14111873270294,11.279955770249233
55.346171970114945,3.6148280298850537,19.257574949972508,12.10380462769169
50.86472489513179,8.096275104868205,16.943719208245767,11.78363305702057
50.30092972325363,8.660070276746367,23.264500625749676,32.80754213850343
53.05082501050939,5.910174989490606,22.086534220974748,12.705587297171803
55.62350086624802,3.337499133751976,19.980080984096,11.29693107065221
55.29071458902077,3.6702854109792256,16.889096694415777,11.890433493343426
61.82605865633217,-2.865058656332174,23.132550022545914,13.828227515115794
49.934552994201695,9.026447005798303,22.434079792594893,12.463103453519604
55.91750171688968,3.043498283110317,23.69593086052016,11.278297015493314
54.30442336034854,4.656576639651462,19.882514894056428,12.46452757657064
53.0469221136664,5.914077886333601,22.627685599715868,12.46267618537291
50.81088983661987,8.150110163380127,18.74862217590426,13.074061210633811
47.39129891347078,11.569701086529221,56.94706694992854,14.950203809695363
48.12942811893503,10.831571881064967,18.899898991410577,12.19017995802882
26.44734375476641,32.51365624523359,34.3271617266581,22.824559454732416
29.170715780524088,29.79028421947591,17.476615546540234,12.047862052002948
51.83838767862524,7.12261232137476,19.52098169569101,13.293780809979381
55.11690647112858,3.8440935288714186,45.186889808556785,15.719138509286532
45.5068367005777,13.454163299422298,20.45780837169331,14.14768582366833
7.543746836469665,45.321253163530336,21.279965612966965,10.959984989332508
13.245315286029756,39.619684713970244,21.72346518950997,10.545403060046873
21.949490997926414,30.915509002073588,20.043390635434932,11.537034195102594
20.449321268856618,32.41567873114339,18.642367413579734,10.79991578972332
24.97346342554337,27.891536574456634,19.044273012561018,11.833363903582788
24.75313019304627,28.11186980695373,19.045717290123495,11.519587235653699
23.90350859919754,28.961491400802462,19.44317973289329,12.21138107548021
22.369898866511804,30.4951011334882,24.866945480168756,10.419335853479206
33.44419519937936,19.420804800620644,27.790384751949123,9.48673942270045
20.71390313803519,32.15109686196482,26.38060488998897,10.255762472585477
25.712594902968565,27.152405097031437,24.709723142894912,10.086778375943931
20.70087056442673,32.16412943557327,24.908039790924274,10.197884231070066
22.779783678720886,30.085216321279116,22.616587598315448,10.123876487957418
19.510741667307,33.35425833269301,22.94561628746866,10.971708319824035
23.32304294625616,29.541957053743843,25.207096695319176,12.358738155827565
22.851842349774536,30.013157650225466,23.128924809166637,13.03591683565649
20.49612939125889,32.36887060874111,24.184301216010837,12.143513083881679
21.853846136856486,31.011153863143516,24.014298875888556,11.771419085966233
25.545827095523446,27.319172904476556,24.510677207828653,11.344130607652751
22.73673275618981,30.128267243810193,24.234227977080167,12.236735994494806
24.79318210896706,28.071817891032943,25.492988809736637,12.534885581781028
49.71940956025306,38.27859043974694,29.219512186121243,11.442309169586048
51.62578728309983,36.37221271690017,17.857115134364506,12.795703987763762
53.07382682598683,34.92417317401318,17.949909217006514,11.97016028508029
58.39875294432482,29.599247055675185,21.009884415827305,11.52833960337676
38.990968380732426,49.00703161926758,22.78796944223393,11.758740155196993
44.02394642434658,43.97405357565342,23.740343316544823,11.408518904778187
32.7428066604968,55.25519333950321,20.48760833082943,11.83364701203233
37.42506162723827,50.57293837276173,23.398164809666596,11.904249004435254
41.532716436952214,46.46528356304779,21.28113241095328,11.571356541132968
36.8506785849882,51.1473214150118,22.872685918130355,12.42311515231298
36.21365579493845,51.78434420506156,18.713665951144794,10.718398879482598
47.35663648028657,40.64136351971344,17.218704178583778,11.056473281463347
48.3754288696401,39.6225711303599,31.655490567143662,11.748144506095825
49.201156988606314,38.79684301139369,24.86720535948812,11.511239024808914
29.595283560721057,58.40271643927895,24.278070423370924,11.608956478542938
37.441111905371905,50.5568880946281,29.20300461743069,11.775285405720851
33.43895689279036,54.55904310720965,29.5299223741805,12.846551498635135
21.310821295695266,66.68717870430474,26.093871590615542,11.868086477982292
30.726967034375384,57.27103296562462,28.467106430072775,11.275223317573925
38.33245327684502,49.66554672315498,22.364462007871047,11.931518879530516
12.356281740303004,71.36871825969699,14.592882477205503,11.973337816113776
29.081268781913835,54.64373121808616,15.184337933262116,11.70746831591987
31.5994969104267,52.12550308957329,17.12891768319627,11.810977197803744
34.92752013913002,48.79747986086998,14.7740124421721,10.923262721227982
30.848159303851862,52.876840696148136,15.241614569334168,11.250708919985424
30.96738731939892,52.75761268060107,15.245965808344698,11.280828702368959
33.3562547282153,50.3687452717847,14.919116215510591,11.433216183044564
31.53633541829319,52.1886645817068,15.27163292979246,11.390341706386625
32.73451511787428,50.99048488212571,15.254482933871902,11.214400074917336
32.5906422088122,51.134357791187796,14.90564648971068,11.342238013109617
30.927318999048328,52.79768100095167,13.853252858689705,11.226317099857729
30.18579903018897,53.53920096981102,14.39373545780362,10.771410362444875
32.58369421350168,51.141305786498314,13.558526274742718,11.315882935133322
32.71757370234938,51.00742629765062,13.476165909867657,11.281073111414742
31.48377668850559,52.24122331149441,12.713038251307166,11.456330766286472
31.644772937912858,52.08022706208713,13.697670198221246,10.874893561079565
38.417628095767334,45.30737190423266,14.971197881347337,11.79244278844225
36.65443163613654,47.07056836386345,15.977808555970936,11.584917948586606
41.18159621319788,42.543403786802116,20.002067530934195,11.660739932597002
38.96618914520053,44.758810854799464,29.0451335281395,11.148799450352916
70.73208758287355,17.265912417126458,11.692934976719304,19.661067182601293
72.2581921847724,15.739807815227607,13.597787166994882,12.136611514495382
61.42425366369939,26.573746336300616,13.723058569983401,13.008165746912063
55.853401986473585,32.14459801352642,14.566807556742948,12.552104095388316
56.314207603673886,31.68379239632612,15.492666335320255,13.103482904146125
53.93327260772301,34.06472739227699,13.85251115900073,11.562602217780086
57.13765114541345,30.860348854586555,15.627437779983852,11.728269027064025
61.516393255116036,26.48160674488397,14.91736516003217,10.700167969458425
63.57141939675842,24.426580603241582,16.206799493689758,11.759360178432972
61.49123608594275,26.506763914057252,18.77960163616055,12.407135176968742
59.45199524172249,28.546004758277512,15.78547065285841,12.470095942796892
55.33782562259446,32.660174377405546,14.010089515415855,11.80168018465218
51.88223703387387,36.115762966126134,16.445222492608796,11.726235962988904
52.711290456954664,35.28670954304534,15.344795608592367,11.814480483226603
42.47663207855461,45.521367921445396,14.687586769374628,11.882524699436553
48.047209939795806,39.9507900602042,14.416564351091093,11.787261379617007
46.94070429794905,41.05729570205096,16.236799310073174,12.44555777520292
37.253266535202826,50.74473346479718,14.040752495189043,9.683385938209565
36.79260471535385,51.20539528464615,48.62237767599029,9.751953542975999
44.43713265208326,43.56086734791675,15.05529567254998,11.540960869465247
39.208386852159975,48.78961314784003,25.332203041551168,10.9958341504734
17.718995236202293,66.0060047637977,12.201318300184182,9.67808532836362
26.24915540437885,57.47584459562114,12.680906370142376,11.250253804077184
29.285588532637906,54.43941146736209,14.783424191883006,9.718973841858443
29.19096356703373,54.53403643296626,13.24222096710816,10.930253112493235
21.360509912247018,62.364490087752976,14.699300407925,10.8149961124258
24.801183628160082,58.92381637183991,13.255006513667627,10.32300519086622
25.51089395799671,58.21410604200328,13.525798888655425,12.066826574314456
23.74640554115795,59.97859445884204,14.241039255184347,11.449743586149964
30.085058795362677,53.63994120463732,16.216083934464372,10.879635094731936
28.51639289822987,55.20860710177013,14.535830076764492,11.512676437420222
25.654798508879008,58.07020149112098,15.1494862787041,11.875706040589533
30.66339668463395,53.06160331536604,14.553141379189995,11.481732944601081
27.242378051411965,56.48262194858803,12.513199618729534,11.435438423553494
23.541665915450416,60.18333408454958,12.09363739387721,10.954756665041979
23.41575105604726,60.30924894395274,14.612808130393605,11.500144455828352
32.68849765000695,51.03650234999304,14.851874695220932,12.76425595894628
32.490306241167936,51.23469375883206,16.060118191548522,12.91839118724913
39.88489492651324,43.840105073486754,15.453290526655113,11.484031687783768
37.550547077690396,46.1744529223096,15.61823122588962,10.67110416053671
41.472411333690495,42.2525886663095,19.485558316291733,10.27881200490121
37.00763944647755,50.99036055352246,14.471822103192705,10.903799673491282
40.67138953783992,47.32661046216008,14.403445154055694,12.843817179553687
38.10467718958008,49.893322810419924,14.17160026163089,11.09006161820631
42.28571163417021,45.71228836582979,14.431055982862123,13.920585343820544
39.088164054177135,48.90983594582287,14.83182290897445,13.469423189383889
33.36533161961976,54.632668380380245,15.152713668877622,13.02038884395866
29.696166074274988,58.30183392572502,14.660057423855074,12.569597561384311
25.88190963638932,62.11609036361068,14.646868041096601,12.166106958350326
26.645528372734155,61.35247162726585,14.620819659317231,12.27961827166923
28.921992615450286,59.07600738454972,14.539408220211255,12.348761687829965
25.969900018414375,62.028099981585626,14.362668060175894,11.900092761688802
28.579524451682524,59.41847554831748,14.236818392417993,12.160336721209482
29.271460056853478,58.72653994314653,14.296394102177986,11.668172137589535
30.366463428543533,57.63153657145647,14.394161335599234,11.40176626983761
26.229318953077524,61.76868104692248,14.867947666587558,11.922545957478935
28.398567193249285,59.59943280675072,14.398131022379527,11.767082632048261
25.561628409331735,62.43637159066827,13.15262049565105,10.61344515700447
31.32275812594905,56.675241874050954,13.561526776471126,10.950586612479222
35.39427150879498,52.603728491205025,13.332103741778297,11.729898587854843
38.291615705941815,49.70638429405819,13.130600088102602,11.065498140838653
15.962840947139005,67.762159052861,12.024328069839724,10.031719686154037
24.747859591696578,58.97714040830341,11.75055953325857,10.441274481223347
31.647741125242764,52.077258874757234,11.208076696081612,10.611108616314644
26.82682069069096,56.898179309309036,11.592890936609521,9.312534090292154
27.079025879881414,56.64597412011858,11.120646355339233,9.377060574029167
29.162923199832907,54.56207680016709,10.683969653253527,10.75656243156956
30.748465714737844,52.97653428526215,11.08070113574309,10.952492089698682
29.384874483882097,54.340125516117894,11.09032793141183,9.983080114787382
29.454408202424954,54.27059179757504,10.77851631122428,10.594069872223182
27.474114559292733,56.250885440707265,10.622230449802911,11.501446217227185
26.494911801149243,57.23008819885075,9.577806901257006,11.406291489386227
25.310281939083374,58.41471806091662,9.402639582350648,11.462261190565055
25.153838036490335,58.57116196350966,9.323417615148953,11.251251534433328
26.931818802113117,56.79318119788688,9.567107439481708,11.005033351240764
24.015971425009838,59.70902857499016,9.568607310322298,11.363732754392833
25.839725325717676,57.885274674282314,9.206946740305527,11.611467920455018
27.389603898494812,56.33539610150518,8.550881771291479,10.276304520670115
29.496415108700756,54.228584891299235,8.04993523363242,11.197547483742516
32.69471983402465,51.03028016597534,8.54794133398797,11.492142281350112
34.96506019364665,48.759939806353344,7.601580680610682,12.111082717640095
50.28887695418563,37.70912304581437,36.67494720354566,9.610877741717982
57.43853542766952,30.559464572330484,15.520870810884658,11.80899154795503
45.730393081339045,42.26760691866096,15.658164092007274,12.218224909855444
54.54624825578329,33.451751744216715,15.478161398704971,11.894178827160523
50.14977801275069,37.84822198724932,17.505192613681157,12.205987280889596
50.015064631090844,37.98293536890916,15.541252144883542,12.06396742848047
46.5552153425306,41.4427846574694,19.058261323995843,11.296878770290435
55.098994033330506,32.8990059666695,15.98735883447108,12.213802674997675
43.60836793147517,44.38963206852483,16.38198923032245,13.507885549466964
48.74219463675772,39.25580536324228,19.188369663919982,14.561701189560349
48.502515157289174,39.49548484271083,26.498018297375197,13.90642542549643
46.387251823923975,41.61074817607603,41.717210700761704,13.055161457397858
35.98668305786446,52.011316942135544,18.180300730207087,12.224839180225999
40.5820739890363,47.4159260109637,18.386165828012846,11.771770621312966
46.312641217193885,41.68535878280612,39.66723961037227,15.38323226254015
44.05200788770614,43.945992112293865,46.91622150273437,12.11030138427814
21.40864979980431,66.5893502001957,17.270210100124025,11.912127037556363
37.10902957015776,50.888970429842246,19.635066122781097,12.858296418033145
47.18117361225908,40.816826387740925,38.22020104012799,12.046880328423363
45.09349412638927,42.90450587361074,33.82723477326108,11.966981922647674
13.102873227024356,70.62212677297563,14.005983918618117,9.817143158296577
21.6520551490062,62.07294485099379,17.469984655643362,8.534627887965591
33.47320014370653,50.25179985629347,17.628887645424616,11.055226674043759
24.84023731537451,58.884762684625485,17.025054067864083,11.817315726326767
23.387119953709227,60.33788004629076,17.66618595359325,10.872703079231847
23.726475560457807,59.99852443954219,18.20184014172985,11.858418133176448
25.872783071008804,57.85221692899119,18.565238746797153,14.311654186919661
29.561727829204308,54.163272170795686,20.082852029190295,11.903404624679567
29.309018623920323,54.41598137607967,18.70301876492349,11.682533467702006
22.349606035053608,61.37539396494638,19.160035438622224,12.759416982835415
24.229021641008792,59.4959783589912,19.371554527817846,11.934838661931295
25.66668504517338,58.05831495482661,17.765083451479896,12.950842663941918
19.62737998762775,64.09762001237225,18.552437976906006,13.842622864574645
24.07002663055081,59.65497336944918,18.571276723599123,12.684623962425611
23.39284731871428,60.33215268128571,18.731954827513967,12.379639081726232
20.071721717905554,63.65327828209444,18.170786663283742,12.063477222162613
13.309434535977934,70.41556546402207,18.754412010638966,11.654046951730413
19.917599204225766,63.80740079577423,18.375530610146946,11.008449796396757
20.75630491321957,62.96869508678043,18.45910932698131,13.242250784344348
22.27968513590792,61.445314864092076,18.939332938354212,12.713658970287346
17.800405181974455,39.86659481802555,9.646567553958997,5.404248554364341
36.26522651838463,21.401773481615372,10.230892801085858,5.496757523932636
44.7871428503586,12.879857149641403,11.656971371650476,6.164211026540604
55.86878749396311,1.79821250603689,11.415992287576367,5.977173488197217
53.2468463298386,4.420153670161405,11.600756623303509,6.428552737665991
54.72443852419867,2.942561475801334,11.07529798752672,5.87155971944442
58.46712531300599,-0.8001253130059851,11.768790612746004,5.873495646319718
55.97017939415062,1.696820605849382,12.054012392852423,5.853739348169712
56.9844000021103,0.682599997889703,10.891064294162794,5.7305289136422335
22.34812034056022,35.31887965943978,11.242916928157136,5.7303578997349405
36.622642142355105,21.044357857644897,11.228316672256907,5.217892728558997
49.469708129062504,8.197291870937498,11.286850117761663,5.087502862370047
45.3669105207146,12.300089479285404,10.127081699256575,5.265591411973392
50.03818484059587,7.628815159404134,11.295937322908559,5.477435879765868
52.79418764229728,4.8728123577027205,11.376707313210202,5.885297719655231
48.781514598696866,8.885485401303136,10.283882547421412,5.493119809113905
52.23885301891052,5.428146981089483,11.129283672343153,5.62437696897155
52.53786208636806,5.1291379136319435,10.905316100782597,5.6980820093084175
54.24420652783188,3.4227934721681237,11.15981520172751,5.166646428444787
53.578990669169386,4.088009330830616,10.18956729684686,5.40218130967448
52.70049108529969,4.966508914700313,10.63543194639452,5.325572344720175
53.86889052935194,3.7981094706480647,11.863203439477498,5.593383749689415
56.22069272120341,1.4463072787965885,8.942328091443608,5.466692130143576
56.94355654240376,0.7234434575962396,9.363867297312995,5.388670398793696
63.765258364231336,-6.098258364231334,10.461042413678435,5.734050669189278
53.561166562844285,4.105833437155717,8.911935643030962,5.317581929846161
57.60626580965251,0.06073419034748895,11.060603902624903,6.075831774521244
61.531050816842416,-3.864050816842415,10.104020653236727,5.516544590102564
58.77224644871727,-1.105246448717267,9.79408256109412,5.708460297400822
10.092723921739884,45.304276078260116,10.367733151716921,5.738082654056772
32.723168346730915,22.673831653269083,8.259991840591741,5.475825657058203
35.350699530141924,20.046300469858075,7.950582159021101,5.2241976314946115
42.46928894655973,12.92771105344027,7.236004419894335,4.766907397958129
46.926462170585395,8.470537829414603,7.53139931708978,5.100580042826167
48.70280172696133,6.6941982730386655,8.529218445475115,5.213985883311001
45.99046138748696,9.406538612513039,10.13515826437684,5.547329852983693
44.242886193185136,11.154113806814863,8.466032625278883,5.639827287930692
43.36801680855072,12.028983191449278,8.863726614910545,5.11212935079443
42.715400373759216,12.681599626240782,8.446571553887939,5.332999698460403
47.6109724973486,7.7860275026514,7.049013841825261,4.7320135438095186
50.850865900730724,4.546134099269274,10.578529504151096,5.234950989372975
42.033299823659064,13.363700176340934,10.230777435612017,5.096852611860518
37.50921423867266,17.887785761327336,8.974457581308727,5.117492264547623
42.76874207395629,12.628257926043709,9.657403738160605,5.137515327723897
43.50482559647411,11.892174403525885,11.57775634685725,5.0029625158639695
34.04124167913889,21.355758320861106,11.549867827085745,5.267488912373898
32.8313435053268,22.5656564946732,11.159921070303444,5.711686789926316
30.28773571470649,25.10926428529351,11.480034327725214,5.468555887720782
33.546770431788836,21.850229568211162,11.453906155581453,5.3734483713831915
29.587890528555263,25.809109471444735,12.3539344789098,5.385032669550132
16.886708947470808,40.78029105252919,27.352010991473247,5.603185861752677
29.799959112306546,27.867040887693456,22.358277176419158,5.636455484306376
28.4185349205598,29.2484650794402,19.200657830393798,5.886163609042607
46.363039175509826,11.303960824490176,19.92885555657087,6.086276743641273
57.2095965046066,0.4574034953934003,22.147008885641327,5.3256827275117855
40.2387322446891,17.4282677553109,19.211838366681967,5.908632350597151
40.019716137153864,17.647283862846137,21.655112109996224,6.045329444981877
44.423997289947366,13.243002710052636,35.2695917032772,6.36479438325239
42.22358782095173,15.443412179048273,34.650959001127326,6.044161947965639
28.714036090808012,28.95296390919199,25.94228236447465,6.295381293447458
28.413158490901182,29.25384150909882,22.666567817902457,5.995772640401451
40.06966844221057,17.59733155778943,25.474462967778283,6.046042804809868
42.27864199019269,15.388358009807312,52.68750709048681,5.708563298644796
38.9549947786375,18.712005221362503,54.48770360938579,5.760208291506787
17.290739662704855,40.37626033729515,27.10860129646354,6.257583767691815
15.130203824632083,42.53679617536792,50.75803885431763,5.172937865143258
32.44925598164115,25.21774401835885,68.0430134189668,6.005964657066473
12.352630861547317,43.04436913845268,17.35510954692515,5.707704898337603
23.82066353009576,31.576336469904238,18.2823972936438,5.603710492567361
20.930378056853314,34.466621943146684,22.016392923257477,5.281717047296577
27.80971673208334,27.587283267916657,22.50451938846156,5.675611405226168
31.165582481325774,24.231417518674224,23.620630101661412,5.974713302708265
25.841338129610087,29.555661870389912,22.088259839802635,5.537110652899013
18.282742693546126,37.11425730645387,24.082005042394023,5.387433845633576
28.16787968229503,27.229120317704968,22.534444012339147,5.983466970394455
24.896963891619265,30.500036108380733,21.115371936365115,5.3799357284832245
24.226132851989938,31.17086714801006,21.338822255817487,5.662439433852741
25.636813079249166,29.760186920750833,22.252254255962015,6.104062983318051
27.086822357693578,28.31017764230642,22.486185753833574,5.593068397749353
20.106010470579655,35.290989529420344,23.49341260970739,5.497648754551702
27.04142995670325,28.355570043296748,22.76722245271225,5.502458913147956
22.7757120110799,32.6212879889201,23.60135157322722,5.4596973900697385
23.545763732432437,31.85123626756756,23.916803357859514,5.559081696421628
24.531180239329743,30.865819760670256,23.230843421491866,5.449781843150791
18.29851646608947,37.098483533910525,24.73145367341096,5.492192164297892
18.513867249192906,36.88313275080709,23.372713872219563,5.616601029388799
22.16403123064196,33.23296876935804,23.289484485980346,5.639027969863541
9.067576566004863,82.35442343399514,13.86501500510053,5.706949399617177
48.758251533619124,42.66374846638087,11.478438431422523,5.578683521545063
58.988078097302534,32.43392190269746,9.368337034891713,5.440496669671991
59.146194923001715,32.27580507699828,11.855642448098742,5.740234168153705
63.903075308672875,27.518924691327122,9.992098563238866,5.602101469541309
64.23878217593168,27.183217824068322,9.518616234300325,5.608849285945936
64.54526749445068,26.876732505549313,10.393963693268146,5.686030572226557
70.07334653100499,21.34865346899501,9.900674309783373,5.576469883999185
70.43396962558144,20.988030374418557,10.93198201241388,6.091717810794395
70.34005325488758,21.08194674511242,13.789108803541588,5.094968648853964
71.31166481447524,20.11033518552476,9.987885706279862,5.888926945438719
59.96126403202049,31.46073596797951,9.674306126847354,5.268232844144482
59.08168538942237,32.34031461057763,10.91881034955764,5.728373766551116
50.29564841429168,41.12635158570831,11.552852359971935,5.738594992238226
45.91257123767969,45.509428762320304,10.859025336551841,6.025418810707827
43.62589613838503,47.79610386161497,55.03940383634737,5.893086160064576
17.10941047088855,70.42858952911145,13.013004773379837,6.201721838992029
32.962903819899175,54.57509618010082,13.012398095875197,5.525028470847085
33.19843884171273,54.33956115828727,12.137667299017233,5.867919790068662
34.30143356144754,53.23656643855246,12.050790392500684,5.58654715151598
37.98724689082333,49.55075310917667,11.951852713302994,5.658457637391955
38.706639944824616,48.83136005517538,11.831881638593275,6.092811878456376
29.563755620749074,57.97424437925092,12.482679028894982,5.606997064887658
26.767974802050105,60.77002519794989,12.761148708766216,5.137667876215067
26.61641231501592,60.921587684984075,13.102247625193169,5.496400991346082
22.798559417669978,64.73944058233002,13.338633348876456,5.270129396182435
22.34723510566064,65.19076489433935,12.935061744049044,5.147802232222005
22.21006622641977,65.32793377358023,13.608328927353147,5.504061368054201
20.6798732095698,66.85812679043019,13.429941108751725,5.412726888732045
22.139389039095256,65.39861096090473,13.652253777827807,5.450357148529615
21.381388995172593,66.1566110048274,13.956199646504832,5.620995927247962
20.260805444632133,67.27719455536786,14.001608960965603,5.569929265979226
19.66221305383953,67.87578694616047,14.238651285978776,5.309321182424858
19.73038159121936,67.80761840878064,15.006480337783678,5.587178571460452
18.0714558528685,69.4665441471315,14.870928686281015,5.263283728064823
18.440773862483265,69.09722613751673,15.100457127518297,4.984326575266805
7.11334845691926,84.30865154308074,12.501577617142681,9.226541412121698
51.750499876344236,39.67150012365576,49.80620149336449,5.359719004555937
53.027578418742415,38.39442158125758,23.312648199964954,5.955884067104186
28.13376492683734,63.28823507316265,30.840778130349015,6.07631573278969
27.703403331429588,63.71859666857041,26.984386211582546,6.432150932988064
27.723229905688115,63.69877009431188,47.653659057570735,5.6352731390228525
4.125603872808163,87.29639612719183,13.391553933932515,5.525454097378765
34.47839340985893,56.943606590141066,21.2317819131472,5.393759110168092
39.00683953919021,52.41516046080979,54.13486954452016,5.808562039208593
5.774136530806407,85.6478634691936,13.630576808124394,5.372573074007497
0.7419956730134705,90.68000432698652,11.084059018670475,5.465114609569174
22.596264434399078,68.82573556560092,18.41739816305006,5.029677272377755
23.072508008035417,68.34949199196458,13.402844216708496,5.164104948381846
17.858280065678105,73.5637199343219,28.550149235591398,5.712921986940346
18.448357948340075,72.97364205165992,33.560104237195226,6.578615647445603
8.556439474607686,82.86556052539231,30.554146741021,5.668078421000452
8.572656162465782,82.84934383753422,17.014331594619247,5.549272558563675
15.373664993483752,76.04833500651624,18.545427742727117,5.470884694543368
17.144011500731352,74.27798849926864,18.711558272081806,5.604270044809933
22.992086824406243,68.42991317559375,16.23672602666915,5.677337749377455
24.15481521612254,67.26718478387745,17.809163784353125,6.962184892397
4.9314615795935355,86.49053842040647,17.55228303911171,5.89478227968175
4.827737101905173,86.59426289809483,17.508745961839626,7.068467234594716
5.058521857123341,86.36347814287666,18.86167443238891,5.541497662652549
5.151502478010898,86.2704975219891,12.024262497853629,5.321781150818208
10.071715648182607,81.3502843518174,17.074986496695104,5.23086955779124
11.79624265969551,79.62575734030449,18.89184236505074,5.366113359510447
12.553370813323479,78.86862918667651,19.142890559520954,5.869088819924095
8.245246779524226,83.17675322047577,20.311368667416765,6.334749573863882
7.980568618511321,83.44143138148867,20.180152318061477,6.495281078745913
6.159812691871088,81.37818730812891,10.860040428988444,5.637220399537287
23.73747356020141,63.80052643979859,11.123301973299037,5.848178238017269
22.711472279149817,64.82652772085018,11.681302214934373,6.0341966501692905
23.34890186112925,64.18909813887075,11.215102455301977,5.00679879464404
24.501153095749874,63.036846904250126,11.457706206843113,5.786688407943377
22.63078935193839,64.90721064806161,11.934871690019417,5.93253638248582
19.875805218928367,67.66219478107163,12.157953280265072,5.617508193721273
14.929718857852489,72.6082811421475,12.621997341044267,5.387943048849953
14.803196930971088,72.73480306902891,13.532295119250879,5.333697780303396
13.57541431508346,73.96258568491653,13.3556163559605,5.124302743335042
12.9754326982179,74.5625673017821,13.926006968936715,5.222809703418868
11.912199330113207,75.62580066988679,12.966208981538465,4.911590739214366
12.008352708479375,75.52964729152062,13.153956175655544,5.4909788545673965
12.369437308271674,75.16856269172833,13.43301389894895,5.305370673913579
11.615697267296493,75.9223027327035,12.925874179267227,5.738526683114714
1.3131011943960522,90.10889880560394,10.421148510095609,6.001262792355389
25.225494517069297,66.1965054829307,10.227681314631026,5.815677750929185
25.94341547047074,65.47858452952926,10.577599340955958,5.8899254238642795
29.449314280703852,61.972685719296145,9.990208900972963,5.974614874293977
29.6569486724884,61.7650513275116,10.957487918471905,6.636253102744077
28.339947367575355,63.08205263242464,10.093464435453837,6.387980012120738
27.47050173200809,63.95149826799191,11.285611187074515,6.588147610683954
23.297594332824723,68.12440566717527,11.389010121683308,6.539539910493165
20.829478253414123,70.59252174658587,10.84465897692909,7.119459876432516
29.64022132051191,61.781778679488085,10.715258439613935,6.484827084198738
29.39359521802443,62.02840478197557,10.631471347782531,8.931908066929424
21.132442485692565,70.28955751430743,10.644310233961752,6.109520357935367
18.372723312059545,73.04927668794045,11.266486705396142,6.885525964923916
18.27267055704752,73.14932944295248,11.010542075524361,6.9269065767992615
18.455023365905276,72.96697663409472,11.493941964420282,7.1738392374047875
17.367493770344236,74.05450622965576,11.222404638712172,6.549607559843354
15.658898215137798,75.7631017848622,10.893702899468133,6.721378301408192
18.614684287829146,72.80731571217085,10.446116337118193,5.565705446194403
20.172387771616275,71.24961222838373,10.14551645285249,5.777671599891364
21.809350976513606,69.6126490234864,11.195436950258381,6.2243470287081
13.981847257711033,73.55615274228896,7.9073318426710015,8.800781555737807
23.419900724719852,64.11809927528014,10.019890851209281,5.646426035954252
22.914875377132326,64.62312462286766,9.699655683143906,5.685823754195819
22.74515419464717,64.79284580535283,9.548699639645651,5.304742752962504
29.719236726613705,57.818763273386296,9.724818487685766,5.451759201816392
22.868536924900845,64.66946307509915,9.675850493360628,5.317139714223172
26.861389923975864,60.67661007602413,9.520660513017388,5.659739041783362
23.84307259867543,63.69492740132456,9.415465888299993,5.559575225483993
25.241330906735804,62.29666909326419,9.693268672057625,6.396691362322097
20.740014063664432,66.79798593633556,10.04247722915385,6.736505021506163
20.805168318002632,66.73283168199737,9.991075040092495,6.941304947887375
18.877099073013536,68.66090092698646,9.750521940105306,6.209967291132091
20.284895904125694,67.2531040958743,9.869462044193687,6.532129136804251
19.68142036471843,67.85657963528156,9.822089179363337,6.908078743870986
20.957393970687143,66.58060602931286,9.83003369364407,5.73613535302466
21.63317637697776,65.90482362302224,9.354060042020112,5.970774905103056
20.12971780249993,67.40828219750007,9.897992573520671,6.335863728696415
18.763529636413978,68.77447036358602,9.531473501086136,5.499110061043089
19.442810011171087,68.0951899888289,9.500260186380189,5.877098782364873
21.049855534375073,66.48814446562493,9.329886919985185,5.018485282764219
18.25539537943282,69.28260462056718,9.574460742109892,5.070104459883928
0.7527252253891503,90.66927477461084,10.975709012988528,6.228440457783367
19.858273613908057,71.56372638609194,40.23620816401623,5.6882361648670985
1.577189320333725,89.84481067966627,12.740089461656254,5.936004741684817
25.564212022636177,65.85778797736381,15.900195541224836,6.79696536001283
27.837244121744785,63.58475587825521,13.904393305157685,6.499687279092882
22.598983537282663,68.82301646271733,14.248131433127446,7.262635118735169
24.857944842694952,66.56405515730505,20.138175782542326,6.530567906989059
25.714658710127505,65.70734128987249,13.942188575426504,7.2262913907374005
13.49105686913021,77.93094313086979,16.005798712405884,7.773344743038859
16.929758291315284,74.49224170868472,14.87873778542438,6.827311690482587
15.630750561625272,75.79124943837472,15.911734566115319,6.04973796348773
14.048798601551503,77.37320139844849,23.439486270084153,5.842041503291843
43.964803135214744,47.45719686478525,16.752340854025295,5.402544041225937
18.55211353431467,72.86988646568533,16.793216389596353,5.675335141589847
25.199269242537245,66.22273075746276,20.366313381757333,5.693574305786198
5.6699742748509685,85.75202572514902,14.641788989473168,5.883498928248676
10.727093146721174,80.69490685327882,12.785769878013575,6.12301452662412
3.4452879235317293,87.97671207646827,17.463066822815254,6.883047223882931
6.910386971285994,84.51161302871401,19.25339126974755,8.180165404189601
4.737238578982792,86.6847614210172,12.328321069903458,5.7969085927890545
11.933356637074581,79.48864336292542,12.845629881981607,6.773899673665389
16.568155891366835,74.85384410863315,16.213209858228918,5.9063760342319895
12.790514573783604,78.63148542621639,16.929276267756915,5.435848153221697
18.09597347912749,73.3260265208725,14.292811753885834,5.6459747876628
0.9864728037037632,86.55152719629623,14.919845762682488,5.798159500109907
14.962302825709562,72.57569717429044,14.08680673523325,5.471887568363718
14.902165381873123,72.63583461812688,14.843865156443691,5.370931508078432
15.914783460700425,71.62321653929958,13.89098538217583,5.830790914502001
16.642537630681897,70.8954623693181,14.544535843770346,5.588371059543219
16.42252634929471,71.11547365070528,14.363934595439975,5.52786536395601
15.651513466735926,71.88648653326408,13.779649052333916,6.087887031455936
17.94554393076518,69.59245606923481,13.673608101706519,5.568345707839203
16.842294655930782,70.69570534406921,13.44153764736868,5.204318923836385
18.39326849714512,69.14473150285488,13.83331326461971,5.28809428467762
17.748802961695578,69.78919703830442,14.022046872864047,6.282692858600082
15.425740490262417,72.11225950973758,13.147216384925672,5.741087720873784
17.715291634359165,69.82270836564084,13.700857082210291,5.956871362104114
15.70924878876467,71.82875121123533,13.832770491121215,6.499958796865683
17.963083415973074,69.57491658402692,13.442742300993244,5.820697367708258
25.376483913744675,62.16151608625532,16.828499365802703,6.405329690958695
22.796486891418137,64.74151310858186,16.425499605873533,5.786078689747791
15.71977749001183,71.81822250998816,16.527847113734378,6.477929142949204
6.254910800734178,81.28308919926582,16.518156611163114,5.78932978061978
6.1839122802521445,81.35408771974785,15.723247363574167,5.712578903360212
21.695909198524532,38.02709080147547,9.473158039013468,7.4205290353851465
22.204635307760512,37.51836469223949,9.239758884079455,6.21100904311263
21.40054356960388,38.322456430396116,9.346576697239163,6.206525115026107
21.540892118540835,38.18210788145916,9.712093328186764,6.31720685824526
21.439339155942687,38.28366084405731,10.280094224809604,7.103736394959637
21.445807455363994,38.27719254463601,9.872828671908932,6.874949510995248
19.93239654517376,39.79060345482624,9.877846622181744,6.7771706161115475
20.516838291727154,39.206161708272845,10.085900870641039,7.124500620529971
20.295984628679285,39.427015371320714,10.173222615038112,7.283379697625325
17.740574389408632,41.98242561059136,10.073256406177372,6.417165568513953
19.36905667530203,40.353943324697966,9.682654990482073,6.766222706109574
19.158890028600883,40.56410997139912,9.418492375322808,6.375936424077111
20.654416480207587,39.06858351979241,10.052929919372101,6.331870436851826
20.901954586324717,38.82104541367528,10.082331570411325,6.1852931776689175
20.783578195151737,38.939421804848266,9.918791949564136,6.422541107888687
21.869373131823036,37.85362686817696,9.322827359418257,5.9246341927334685
23.340179106377075,36.38282089362292,9.822309390148522,6.1190751151339455
22.179160911045603,37.5438390889544,9.488251880056499,5.846133373044232
26.91408511246454,32.80891488753546,10.063000518173725,6.02867134705649
29.618474103615675,30.104525896384324,9.598699334415016,5.600526979398315
12.141624165307613,52.61237583469239,10.13016940793622,7.223983316305178
17.32329814555238,47.430701854447626,9.51436108772026,6.9193985699181555
19.517341311817084,45.23665868818292,9.914548258634275,7.271166673771509
22.561370057055626,42.19262994294438,9.487091660137311,6.409460957429132
23.237895791203513,41.51610420879649,9.94591703263083,6.439584918884292
23.311007348559862,41.44299265144014,9.426982266885702,6.15112561913566
21.696697755029035,43.05730224497097,9.666743333612148,6.601499044742629
22.165396266898874,42.58860373310113,9.50303238117191,5.9044508501617035
21.93392412139331,42.820075878606694,9.791532571514932,6.021187896493726
23.857888741935426,40.89611125806458,9.942377113116725,6.0960929077697985
25.983710001303063,38.77028999869694,9.85752027251877,6.17853818554734
26.509035631483933,38.24496436851607,8.245573996284948,5.875497660402223
25.921783300643554,38.83221669935645,9.202591497173525,5.85795691964932
24.889775765638426,39.86422423436158,8.986556020604928,6.50960543381108
27.401754611869425,37.352245388130584,9.690550393742738,6.864567060306006
27.91033104828876,36.843668951711244,9.169883237481068,6.75476355917525
29.06845360737188,35.685546392628126,10.176895668078597,7.563665598530753
28.81586762550815,35.93813237449186,9.563860345686832,6.608802697424095
25.49166362234207,39.26233637765793,9.774207358057971,7.0299812651754126
26.996719523174416,37.757280476825585,9.382571548746238,6.892387729994623
30.56336587233029,34.19063412766971,9.644264330392302,7.310348686054147
5.406073308272617,54.31692669172738,14.641680905821557,5.804139853372988
14.160193716708724,45.56280628329127,13.296067801217468,6.195174569669852
17.19756643876831,42.525433561231694,14.478257216924137,6.15087064020318
37.71228563501485,22.010714364985148,12.33682739416551,5.674160871566913
42.71901515976497,17.003984840235027,10.037540757357212,6.224126537214039
41.01493763915647,18.708062360843527,54.678196788480165,6.248271384107236
51.48795846067656,8.23504153932344,18.976419605288548,5.967523777438072
30.68466512083857,29.03833487916143,14.928213165415418,5.790311523211425
41.077913627260166,18.645086372739833,28.71293062301288,5.466907211423507
47.135445410217066,12.587554589782933,39.301182676936236,5.428380612134797
34.220690392296255,25.502309607703744,55.19219665987188,5.321781150818208
30.487847320199158,29.23515267980084,57.51145694363627,5.543760571681254
18.704959141179724,41.01804085882027,50.8734470745328,4.980551704431882
24.759737512826064,34.963262487173935,14.645882083400995,7.007986837855438
63.12353927449681,-3.4005392744968077,15.671861779795812,6.818802955148665
71.72659082541048,-12.003590825410484,13.443873403666105,6.037054828041005
66.9945139201906,-7.2715139201906,32.16961288649165,6.283441779019055
73.6921888492806,-13.969188849280599,12.160433994739867,5.905645865614842
53.7814150861284,5.941584913871601,13.718782374502613,5.867552332750138
76.02611653270282,-16.303116532702816,30.950213072660553,5.652705070452135
81.46664066154749,-21.743640661547488,38.44339404709644,5.523219193304796
23.446270520541677,41.30772947945833,13.030010767416961,7.0367586079918825
26.99316854701883,37.76083145298118,12.534366306398224,6.856237158050448
33.85634293116707,30.897657068832935,13.976844029080624,7.148087114792448
34.14426318268175,30.609736817318257,13.97282786328026,7.775616856403974
36.66704636788725,28.086953632112753,14.859507147589014,7.1129539979771845
40.70616758625529,24.047832413744715,15.694816853186179,7.149404352465014
41.27245312411736,23.481546875882643,16.513123054701435,7.327184293991383
41.49091593129127,23.263084068708736,15.406311038425441,7.059553085531502
41.40350997807696,23.350490021923044,15.659454677240369,7.150282376800429
41.66185996723495,23.09214003276505,15.560512636794225,7.278664058108974
40.828573731478286,23.92542626852172,15.311128322644366,7.001910210272661
42.13092878042604,22.623071219573966,14.158984846585692,7.191456507814769
40.5320973500961,24.221902649903903,15.22225959253496,6.887007087372765
40.64156958138153,24.112430418618473,15.385909793906734,7.600728690761779
42.640217558356625,22.11378244164338,15.703853455705744,7.789991612718275
43.19381124842004,21.560188751579965,15.539263626199666,7.506605921850246
44.583376350161956,20.17062364983805,14.93698672112703,7.028809213568331
42.30086140938577,22.453138590614238,14.316309210208031,7.084407048462412
42.13786108498114,22.616138915018865,15.007416752733738,7.531451428110132
43.574469487677376,21.17953051232263,15.715154693968586,7.421322273294064
75.74170676641026,13.463293233589738,10.20181844550746,5.866850759638356
82.76147887835266,6.443521121647336,8.89028361559215,5.787568998989439
88.39542271578966,0.8095772842103344,8.72150026000315,5.7787909883006074
80.69668614541675,8.50831385458325,8.248811862090669,6.292515375075882
72.55709438424158,16.647905615758418,9.725910181134648,5.748423059981079
76.25023398171668,12.954766018283323,10.739605181284814,5.622982970488342
67.88460745494766,21.320392545052343,10.145942970263928,6.0412097726881315
65.426827616751,23.778172383249,11.899562779305635,6.4611378004920805
63.42307639770537,25.781923602294626,13.37434998084434,5.535517735773815
66.64456470794259,22.560435292057406,11.800878667855903,5.413668108696401
55.70642195478959,33.49857804521041,10.302116058865957,5.543972672194785
63.86931277918633,25.335687220813668,10.424961623776452,5.708357294304453
67.49092294313044,21.714077056869556,10.7194638514068,5.511888906353666
70.5819166761485,18.623083323851503,11.859780810015469,5.630297624449261
66.98040089719316,22.224599102806835,11.096611090998824,5.3863425342647995
64.47670570131878,24.72829429868122,14.35129187469358,5.569507027694018
63.409085645418834,25.795914354581164,12.309080583928406,5.410445563326457
67.74866963694319,21.456330363056807,11.943059876631107,5.5940144004069605
74.59082853195306,14.614171468046933,12.291318496356594,5.147421601376684
65.80748494977095,23.397515050229046,11.404253632704856,5.614332479327299
19.34776115900465,65.48123884099535,7.857427705316298,5.7686407458035305
28.071680110348872,56.75731988965112,8.074431775265959,5.9967860809394
27.56923492771545,57.259765072284544,7.6270963811223424,5.714774283539735
28.78315248571894,56.04584751428105,7.649295485984662,5.847005041979757
28.62277261834914,56.206227381650855,8.388598297784275,5.9066747136520785
28.373914427491904,56.45508557250809,8.51179300733253,5.8178343567207635
29.691005886235686,55.13799411376431,7.745267544417051,5.8489490677278715
32.67192158994541,52.15707841005458,8.0803864617477,5.568732841282133
31.642001712375794,53.1869982876242,8.432773236968039,6.100882624449271
32.990756089728755,51.83824391027124,8.072778272394459,5.800897034461168
31.36773512713492,53.46126487286507,8.108472681429234,6.209367415564925
34.141580931027306,50.68741906897269,7.825487636352127,5.8952810458509575
31.95478459748083,52.87421540251916,7.826791800990226,5.363337316250756
28.297103744838157,56.53189625516184,8.017532963560951,5.827327427469807
31.251230106314093,53.5777698936859,8.393840357316872,6.03006940029532
34.97364825512444,49.855351744875556,8.696555205021403,6.042183176071886
33.334469593698536,51.49453040630146,8.337599351082691,6.188145192220086
36.462059029739535,48.36694097026046,8.560660694050695,6.561722231634819
40.853497342772805,43.97550265722719,8.748261051682979,6.449716713288162
40.300595720825875,44.52840427917412,8.599757369892803,6.567069526948324
52.21636603491174,32.61263396508826,10.649208653842301,6.804319566539204
31.2689509965869,53.5600490034131,9.77414700838807,6.125511382290147
33.037591543113486,51.79140845688651,9.47759743651759,5.379571477018814
45.388732254830856,39.44026774516914,11.000756846938438,5.686857769381594
47.144228832108034,37.68477116789196,10.571123163737823,5.3888885846897505
31.794339353890354,53.03466064610964,9.916630668090457,5.453987367341499
36.87411448876655,47.95488551123344,10.39924357218444,5.939735102321508
40.355855977449686,44.47314402255031,10.328130464481342,5.950319255605135
31.81121197469194,53.01778802530805,10.296557649979638,6.666768663778117
34.843964357869126,49.98503564213087,10.213843205781314,6.035333586975047
35.857104335765385,48.97189566423461,9.46286065976335,5.630680511927989
25.852547438570078,58.976452561429916,8.874535972837261,5.68926974304197
29.726086818781038,55.10291318121895,9.748848112235693,5.95166977493723
34.22540519867185,50.60359480132814,9.15590046845362,5.901296179401817
39.511696053342604,45.31730394665739,9.498459899368093,5.860934175282468
41.165488944667594,43.6635110553324,9.004989829837793,6.160425155369075
35.83016287137202,48.998837128627976,10.200082947742256,6.164401849467684
32.85491122103334,51.97408877896665,9.164138279342362,6.32210881911966
33.67751123056175,51.151488769438245,9.500694687777127,7.297320227135493
41.60185419441598,43.227145805584016,10.846201721690651,7.084822392165628
9.940981295867994,79.264018704132,12.466347056353012,5.15734688956595
17.69546932359611,71.50953067640388,13.82075270677895,5.659496636105703
19.909297877143192,69.29570212285681,13.648216342311873,5.360779166221616
26.315881779976166,62.88911822002383,35.11778130631269,5.540684204674905
41.690096608379406,47.51490339162059,35.872708408666625,5.430437913002235
33.818327925951486,55.38667207404851,30.299780998238518,5.430798762862042
23.308780046272297,65.8962199537277,27.131031330786385,5.566409638030813
42.026313808097285,47.17868619190271,54.72425861963538,4.911510963859631
50.04743230578909,39.15756769421091,41.86425602200425,5.085538392598552
23.273442624746444,65.93155737525356,71.1120180693212,5.058420724102315
35.775494403660296,53.4295055963397,56.21986685241944,5.058885491969367
21.22712964153438,67.97787035846562,23.690831700249166,5.206163421727141
23.579301187314943,65.62569881268506,63.818390055086134,5.017001549612216
49.45437617467049,39.750623825329505,56.433924269109106,5.717791559506642
9.074378130328778,80.13062186967122,67.34348805111128,4.891566455425414
23.41856524034142,65.78643475965858,59.333018474795566,5.923873176921319
27.6372059043385,61.5677940956615,67.63952925509174,5.470598125500919
36.39310735525982,52.811892644740176,65.99543926954117,5.261235744271725
26.137234750295615,63.06776524970438,69.45687969667097,5.088581073156816
29.077868004325037,60.12713199567496,95.20366283459767,5.189124067826902
15.691830867467194,69.1371691325328,13.17643264284981,6.092039615720126
23.4166715384184,61.412328461581595,12.576359256331353,5.889093370224398
29.575241588356178,55.253758411643815,12.08652836507397,5.7257385999432735
29.686806492398205,55.14219350760179,12.382856426482682,5.766159888459491
26.251666859420286,58.57733314057971,11.543742888758075,5.783300273969671
36.700995220599154,48.12800477940084,12.023754303015078,5.612447142657775
37.36371393706776,47.465286062932236,11.689126082943575,6.1379485435631596
25.49909650559146,59.32990349440853,11.25408671241031,5.948210517176704
29.509704302848736,55.31929569715126,11.80902492294078,6.115966642002726
31.557620436249294,53.2713795637507,11.511769519125075,6.393318650339302
43.253377985095725,41.57562201490427,17.16659716936447,6.824122152117252
48.688100571902005,36.14089942809799,20.600970805761587,6.753834375826302
45.142539673995074,39.68646032600492,20.22114625148511,6.4890590441031355
33.599762953635015,51.22923704636498,19.66213292726927,6.429223739724772
40.1492239117035,44.67977608829649,28.477522190152825,5.823626291095759
51.65613799846206,33.172862001537936,26.470357575068352,6.014673007691214
47.045644588573836,37.78335541142616,27.52271440934985,6.144269395408439
51.86871862937669,32.960281370623306,25.08850393260864,6.094742108804183
41.76943368503322,43.05956631496677,21.68622307461191,6.331436905458565
50.192944649368776,34.63605535063122,21.936259122877303,6.2318705764345665
44.383418798647654,44.821581201352345,10.549227720874633,5.442009285867547
59.89341573917511,29.311584260824887,11.27999068881426,5.492406250041985
51.72199186877428,37.483008131225716,11.781659589729157,5.520095912555836
54.12877277015494,35.07622722984506,11.658965647718253,5.7829952448771245
50.71340723059151,38.49159276940849,10.852660745559024,5.565282888457509
59.21263764520288,29.992362354797116,10.867958557658257,5.400947840717243
55.44639255451863,33.75860744548137,11.522066599235057,5.860532835466874
60.714696794524606,28.490303205475392,11.832747703288307,5.408018339055252
41.56879306605859,47.63620693394141,10.939344821794148,5.499894017148995
47.680040757342525,41.524959242657474,10.453403196556037,5.349765222831381
56.72017928183015,32.48482071816985,11.657985452370724,5.486837314223295
39.5059606803822,49.699039319617796,11.760851453684769,5.977567024252916
33.77839961212931,55.426600387870685,12.451213687879859,5.490514871383345
50.551417087082626,38.65358291291737,12.083983766828718,5.678028140553684
48.955646353217816,40.24935364678218,11.968464164065137,5.704785374347416
45.74089933310917,43.46410066689083,12.689226692115579,6.347427037175905
48.65039798944923,40.55460201055077,11.991695249444685,5.975631890010306
52.51528838335248,36.68971161664752,12.859462657634106,6.282911302906859
49.94770703636887,39.25729296363113,12.954255564076071,6.086888703004938
53.04243162176468,36.16256837823532,11.647451672654615,6.07315317762065
50.8122571887341,38.3927428112659,nan,nan
18.505282827232637,66.32371717276736,11.032853180875232,6.038321089459838
24.944850780017198,59.884149219982795,10.897858326157897,6.3926132229311765
32.830834872303335,51.99816512769666,10.956320030561963,6.234701367727055
32.79039547070497,52.03860452929502,15.95264113466372,5.5486721583303655
38.592440548101116,46.23655945189888,50.66360701973565,19.14370285438415
48.669561378909094,36.1594386210909,11.83760982952672,5.255907262256802
13.52292505938163,71.30607494061836,12.174886810123347,8.28996087983156
58.6756018285921,26.153398171407893,11.1339181908243,5.459805069121461
60.58047018010393,24.248529819896063,11.540243922943887,5.800559136923304
58.80057899211427,26.028421007885726,59.53842972687595,7.134983918069286
60.00292804837406,24.826071951625934,11.738899149749782,20.553816435980593
12.389878370373246,72.43912162962675,66.29351275760145,5.417684560177524
65.10022648665252,19.728773513347477,11.54401593476135,6.244536278295575
13.319862293170006,71.50913770682999,10.635487458442553,7.808136743654534
56.17713076978777,28.65186923021222,44.81549987311888,7.512615997146756
56.149716429111386,28.679283570888607,10.6059144818522,5.984711773719024
32.51438773048346,52.31461226951653,65.23846912240684,6.246796440033275
61.604390667097775,23.22460933290222,11.519621437352468,6.254512521293389
5.412415218447774,79.41658478155222,72.72855225081354,6.498993349025139
68.01655829248274,16.81244170751725,11.981006566327787,5.792477540757112
2.21887103298663,82.61012896701337,39.90489497725891,6.369906126345264
51.24263947766105,33.58636052233894,11.924876582338985,6.212397775077576
31.78500883788553,53.043991162114466,54.17700349938155,6.262563516780064
57.77298185055373,27.056018149446267,12.177412696832924,7.404699529856983
18.824684688729,70.380315311271,19.511945044697878,5.7515931318005995
25.819544573858963,63.385455426141036,15.79672752001467,5.533782706164646
38.748291275212104,50.456708724787894,15.015406930388549,4.937886064762948
58.70320322674532,30.501796773254675,14.493739205338557,4.894849475998307
64.00291726717954,25.202082732820458,14.363108606581553,5.162435237907826
70.75370326639646,18.45129673360354,15.972721073745653,4.886317064244015
75.31371757168465,13.89128242831535,17.126714428616445,5.325020396539016
71.866106154085,17.338893845914995,18.137992487473543,5.206163421727141
62.402017687536,26.802982312463996,25.068643145066257,5.090082487147485
69.443176725413,19.761823274587,73.80622537987995,4.93590189374057
70.91214755819254,18.292852441807455,64.12999717757496,4.846220155164883
31.199677242195296,58.005322757804706,20.89267777040356,4.794566517572349
40.50943119902384,48.69556880097616,31.514273263921435,4.947597029037654
76.4657128775029,12.739287122497103,19.53081113262129,4.79043803025132
72.2163462098814,16.988653790118605,37.41915058054694,4.9712202497270255
74.19838788462324,15.006612115376754,43.45518399498359,5.175096418469058
52.99944811680874,36.205551883191255,23.214361424495326,4.847109403629133
47.10195307019053,42.103046929809466,23.7977909517411,5.140756011809291
63.984840674165746,25.220159325834253,41.21839419855356,4.94846810385693
66.79654178705164,22.40845821294836,24.022437455088845,4.751677947787713
12.432051118230039,72.39694888176996,16.39925928042743,6.3121147368688835
17.74968191394239,67.07931808605761,15.553483724714198,5.883099122397674
27.05109322606757,57.77790677393242,19.3254685882394,6.540889151179699
32.515129613393945,52.31387038660605,20.314792126271563,6.2483968952499
36.271772553609416,48.55722744639058,24.14882312807408,6.644522286499925
52.36093333552617,32.468066664473824,26.899409587663552,6.591837557379474
48.02305295443746,36.80594704556253,22.973124169527786,6.7240913607895205
37.082983144465295,47.7460168555347,22.02496387797518,6.3788572297288155
39.8421861912377,44.98681380876229,23.24946872419082,6.4871852295608665
49.81958935192825,35.00941064807174,24.729192442137126,6.757840570713981
49.73891130383186,35.09008869616813,23.59421108501511,6.1836130449815965
48.89888489654199,35.930115103458,24.548598584589847,6.205040287062889
51.43405221824405,33.394947781755945,26.602011715097635,6.035203662140164
52.16854466705827,32.66045533294172,29.629324407686223,6.034683934931758
53.18788693155027,31.641113068449727,25.376927506888673,6.206872576859485
50.43607819876746,34.39292180123253,25.743914365464175,6.12368685676356
45.79547483761809,39.033525162381906,22.34335149378253,6.149563707878614
48.01749259089942,36.81150740910057,24.718381568800037,6.470175359403342
41.01332471048932,43.81567528951067,26.20455928942721,6.51219554173273
48.371340510120824,36.45765948987917,23.278823424530188,6.951950230863617
40.54658774632119,44.28241225367881,27.025391427968554,5.703617147697108
67.52435136718454,17.304648632815457,24.172861481296586,6.020601844126658
51.37480455752362,33.454195442476376,23.12395991668022,6.697321506750118
55.611288983990754,29.21771101600924,22.646815323809527,6.407655767273577
59.229687237612666,25.599312762387328,23.29925163981564,7.051712713047051
66.42609545266289,18.4029045473371,26.906330658243576,6.108878565949802
56.897711670044536,27.931288329955457,22.240617763018562,6.541488724766752
55.02729858289995,29.80170141710004,23.460623067265697,6.3224499539403
58.724187759276646,26.104812240723348,27.11396688616381,6.2463256401784895
55.54660616595091,29.28239383404908,23.829348450160328,5.718100055104361
63.858835820468144,20.97016417953185,22.670927481663824,5.797821443573667
64.14853123063466,20.680468769365334,23.832078593905266,6.692605311494668
66.59530914436964,18.233690855630357,30.08911819454936,6.357550880718137
57.49170710879712,27.33729289120287,25.417894853179998,6.490146818248263
56.31864075497464,28.510359245025356,24.652047552216757,6.156700651399938
58.0916630865372,26.73733691346279,30.437172687770424,6.682869529386719
54.477147796199475,30.35185220380052,26.812132097344943,6.215332032426425
55.94750238702262,28.881497612977377,31.710941225959356,6.7819439506654176
51.600751113453605,33.22824888654639,28.341534389900602,6.792866641267764
59.79143840570566,25.03756159429433,30.325898918159915,6.610701517833168
53.2372914889003,31.591708511099696,25.530731853289574,5.970939056679965
