time,sh_el_deg,sh_el,stim_curr,max_sh_el(deg)
0.00057,0.000,0.000,0.000,0.000
0.03079,9.900,0.173,0.000,9.900
0.06179,9.463,0.165,0.000,9.900
0.09404,9.237,0.161,0.000,9.900
0.12641,8.788,0.153,0.000,9.900
0.15859,8.591,0.150,0.000,9.900
0.19027,8.266,0.144,0.000,9.900
0.22257,7.973,0.139,0.000,9.900
0.25411,7.851,0.137,0.000,9.900
0.28651,7.675,0.134,0.000,9.900
0.31841,7.625,0.133,0.000,9.900
0.35005,7.559,0.132,0.000,9.900
0.38173,7.526,0.131,0.000,9.900
0.42194,7.506,0.131,0.000,9.900
0.45460,7.508,0.131,0.000,9.900
0.48670,7.542,0.132,0.000,9.900
0.51920,7.570,0.132,0.000,9.900
0.55059,7.641,0.133,0.000,9.900
0.58277,7.721,0.135,0.000,9.900
0.61462,7.765,0.136,0.000,9.900
0.64688,7.878,0.137,0.000,9.900
0.67874,7.937,0.139,0.000,9.900
0.71201,8.061,0.141,0.000,9.900
0.74400,8.127,0.142,0.000,9.900
0.77534,8.246,0.144,0.000,9.900
0.80738,8.344,0.146,0.000,9.900
0.83978,8.384,0.146,0.000,9.900
0.87089,8.444,0.147,0.000,9.900
0.90314,8.497,0.148,0.000,9.900
0.94334,8.527,0.149,0.000,9.900
0.97493,8.592,0.150,0.000,9.900
1.00696,8.661,0.151,0.000,9.900
1.03895,8.711,0.152,0.000,9.900
1.07096,8.848,0.154,0.000,9.900
1.10386,9.015,0.157,0.000,9.900
1.13460,9.109,0.159,0.000,9.900
1.16532,9.334,0.163,0.000,9.900
1.19743,9.445,0.165,0.000,9.900
1.22953,9.717,0.170,0.000,9.900
1.26108,9.993,0.174,0.000,9.993
1.29417,10.145,0.177,0.000,10.145
1.32470,10.473,0.183,0.000,10.473
1.35881,10.658,0.186,0.000,10.658
1.39124,11.039,0.193,0.000,11.039
1.42768,11.498,0.201,0.000,11.498
1.46272,11.744,0.205,0.000,11.744
1.49463,12.271,0.214,0.000,12.271
1.52697,12.842,0.224,0.000,12.842
1.56002,13.147,0.229,0.000,13.147
1.60198,14.055,0.245,0.000,14.055
1.63340,14.365,0.251,0.000,14.365
1.66517,14.682,0.256,0.000,14.682
1.74279,15.595,0.272,0.000,15.595
1.83849,15.887,0.277,6.000,15.887
1.93453,16.438,0.287,6.000,16.438
2.03040,16.982,0.296,6.000,16.982
2.12649,17.503,0.305,6.000,17.503
2.22252,17.980,0.314,6.000,17.980
2.31862,18.403,0.321,6.000,18.403
2.41449,18.809,0.328,6.000,18.809
2.51044,18.990,0.331,6.500,18.990
2.60687,19.584,0.342,6.500,19.584
2.70293,19.966,0.348,6.500,19.966
2.79847,20.152,0.352,7.000,20.152
2.89485,20.612,0.360,7.000,20.612
2.99042,20.755,0.362,8.000,20.755
3.08666,21.132,0.369,8.500,21.132
3.18238,21.242,0.371,9.500,21.242
3.27843,21.336,0.372,10.500,21.336
3.37433,21.414,0.374,11.500,21.414
3.47041,21.543,0.376,12.500,21.543
3.56642,21.596,0.377,13.000,21.596
3.66262,21.738,0.379,13.000,21.738
3.75831,21.775,0.380,13.500,21.775
3.85442,21.809,0.381,13.500,21.809
3.95040,21.866,0.382,13.500,21.866
4.04667,21.959,0.383,13.500,21.959
4.14236,21.995,0.384,13.500,21.995
4.23872,22.094,0.386,13.500,22.094
4.33464,22.154,0.387,13.500,22.154
4.43033,22.182,0.387,13.500,22.182
4.52650,22.206,0.388,13.500,22.206
4.62229,22.209,0.388,13.500,22.209
4.71862,22.222,0.388,13.500,22.222
4.81437,22.228,0.388,13.500,22.228
4.87841,22.233,0.388,13.500,22.233
4.90914,22.276,0.389,0.000,22.276
4.94346,22.313,0.389,0.000,22.313
4.98353,22.331,0.390,0.000,22.331
5.01503,22.353,0.390,0.000,22.353
5.04773,22.338,0.390,0.000,22.353
5.07933,22.356,0.390,0.000,22.356
5.11164,22.387,0.391,0.000,22.387
5.14278,22.439,0.392,0.000,22.439
5.17481,22.531,0.393,0.000,22.531
5.21572,22.641,0.395,0.000,22.641
5.24774,22.793,0.398,0.000,22.793
5.28046,22.963,0.401,0.000,22.963
5.31163,23.157,0.404,0.000,23.157
5.34443,23.402,0.408,0.000,23.402
5.37591,23.654,0.413,0.000,23.654
5.40802,23.918,0.417,0.000,23.918
5.43982,24.198,0.422,0.000,24.198
5.47059,24.365,0.425,0.000,24.365
5.50293,24.851,0.434,0.000,24.851
5.53496,25.195,0.440,0.000,25.195
5.56768,25.533,0.446,0.000,25.533
5.59885,25.863,0.451,0.000,25.863
5.63107,26.147,0.456,0.000,26.147
5.66356,26.400,0.461,0.000,26.400
5.69491,26.551,0.463,0.000,26.551
5.72648,26.790,0.468,0.000,26.790
5.75995,27.104,0.473,0.000,27.104
5.79107,27.220,0.475,0.000,27.220
5.82358,27.609,0.482,0.000,27.609
5.85531,27.835,0.486,0.000,27.835
5.88660,28.034,0.489,0.000,28.034
5.91825,28.123,0.491,0.000,28.123
5.95086,28.270,0.493,0.000,28.270
5.98333,28.446,0.496,0.000,28.446
6.01496,28.496,0.497,0.000,28.496
6.04729,28.558,0.498,0.000,28.558
6.07950,28.575,0.499,0.000,28.575
6.11133,28.572,0.499,0.000,28.575
6.14333,28.559,0.498,0.000,28.575
6.17631,28.529,0.498,0.000,28.575
6.20819,28.507,0.498,0.000,28.575
6.23876,28.477,0.497,0.000,28.575
6.27045,28.462,0.497,0.000,28.575
6.30276,28.433,0.496,0.000,28.575
6.33496,28.407,0.496,0.000,28.575
6.36737,28.414,0.496,0.000,28.575
6.39928,28.375,0.495,0.000,28.575
6.43115,28.245,0.493,0.000,28.575
6.46319,28.025,0.489,0.000,28.575
6.49488,27.755,0.484,0.000,28.575
6.52678,27.412,0.478,0.000,28.575
6.55847,27.159,0.474,0.000,28.575
6.59154,25.542,0.446,0.000,28.575
6.62271,24.748,0.432,0.000,28.575
6.65592,22.538,0.393,0.000,28.575
6.68755,20.689,0.361,0.000,28.575
6.71949,18.765,0.328,0.000,28.575
6.76166,16.913,0.295,0.000,28.575
6.80097,13.767,0.240,0.000,13.767
6.83163,11.489,0.201,0.000,13.767
6.87209,10.871,0.190,0.000,13.767
6.90353,9.791,0.171,0.000,13.767
6.93539,9.022,0.157,0.000,13.767
6.96815,8.125,0.142,0.000,13.767
7.00041,7.709,0.135,0.000,13.767
7.03269,7.455,0.130,0.000,13.767
7.06455,7.315,0.128,0.000,13.767
7.09703,7.161,0.125,0.000,13.767
7.12954,7.075,0.123,0.000,13.767
7.16065,7.068,0.123,0.000,13.767
7.19300,7.105,0.124,0.000,13.767
7.22416,7.121,0.124,0.000,13.767
7.25721,7.155,0.125,0.000,13.767
7.28909,7.173,0.125,0.000,13.767
7.32023,7.178,0.125,0.000,13.767
7.35221,7.169,0.125,0.000,13.767
7.38572,7.141,0.125,0.000,13.767
7.41616,7.126,0.124,0.000,13.767
7.44895,7.078,0.124,0.000,13.767
7.48197,7.055,0.123,0.000,13.767
7.51298,7.035,0.123,0.000,13.767
7.54533,7.027,0.123,0.000,13.767
7.57734,7.023,0.123,0.000,13.767
7.60837,7.023,0.123,0.000,13.767
7.64107,7.036,0.123,0.000,13.767
7.67311,7.042,0.123,0.000,13.767
7.70547,7.042,0.123,0.000,13.767
7.73674,7.042,0.123,0.000,13.767
7.76924,7.050,0.123,0.000,13.767
7.80188,7.057,0.123,0.000,13.767
7.83655,7.070,0.123,0.000,13.767
7.86902,7.099,0.124,0.000,13.767
7.90200,7.124,0.124,0.000,13.767
7.93373,7.135,0.125,0.000,13.767
7.96552,7.149,0.125,0.000,13.767
7.99749,7.160,0.125,0.000,13.767
8.02988,7.152,0.125,0.000,13.767
8.06186,7.146,0.125,0.000,13.767
8.09405,7.137,0.125,0.000,13.767
8.12623,7.127,0.124,0.000,13.767
8.15890,7.118,0.124,0.000,13.767
8.19116,7.113,0.124,0.000,13.767
8.22292,7.111,0.124,0.000,13.767
8.25545,7.115,0.124,0.000,13.767
8.28746,7.127,0.124,0.000,13.767
8.31932,7.144,0.125,0.000,13.767
8.35070,7.156,0.125,0.000,13.767
8.38248,7.174,0.125,0.000,13.767
8.41541,7.194,0.126,0.000,13.767
8.44651,7.204,0.126,0.000,13.767
8.47904,7.203,0.126,0.000,13.767
8.50968,7.196,0.126,0.000,13.767
8.54237,7.187,0.125,0.000,13.767
8.57410,7.183,0.125,0.000,13.767
8.60733,7.176,0.125,0.000,13.767
8.63906,7.187,0.125,0.000,13.767
8.67107,7.196,0.126,0.000,13.767
8.70345,7.201,0.126,0.000,13.767
8.73535,7.199,0.126,0.000,13.767
8.76697,7.196,0.126,0.000,13.767
8.79950,7.182,0.125,0.000,13.767
8.83155,7.173,0.125,0.000,13.767
8.86437,7.168,0.125,0.000,13.767
8.90379,7.168,0.125,0.000,13.767
8.93654,7.173,0.125,0.000,13.767
8.96781,7.186,0.125,0.000,13.767
9.00054,7.200,0.126,0.000,13.767
9.03230,7.204,0.126,0.000,13.767
9.06496,7.215,0.126,0.000,13.767
9.09651,7.222,0.126,0.000,13.767
9.12956,7.229,0.126,0.000,13.767
9.16111,7.232,0.126,0.000,13.767
9.19296,7.235,0.126,0.000,13.767
9.22490,7.235,0.126,0.000,13.767
9.25715,7.235,0.126,0.000,13.767
9.28965,7.235,0.126,0.000,13.767
9.32171,7.232,0.126,0.000,13.767
9.35325,7.222,0.126,0.000,13.767
9.38592,7.213,0.126,0.000,13.767
9.42553,7.195,0.126,0.000,13.767
9.45730,7.186,0.125,0.000,13.767
9.48954,7.182,0.125,0.000,13.767
9.52071,7.181,0.125,0.000,13.767
9.55302,7.183,0.125,0.000,13.767
9.58521,7.187,0.125,0.000,13.767
9.61756,7.186,0.125,0.000,13.767
9.64915,7.185,0.125,0.000,13.767
9.68116,7.184,0.125,0.000,13.767
9.71388,7.165,0.125,0.000,13.767
9.74587,7.154,0.125,0.000,13.767
9.77735,7.154,0.125,0.000,13.767
9.80974,7.158,0.125,0.000,13.767
9.84235,7.166,0.125,0.000,13.767
9.87368,7.165,0.125,0.000,13.767
9.90593,7.160,0.125,0.000,13.767
9.93526,7.155,0.125,0.000,13.767
9.96990,7.151,0.125,0.000,13.767
10.00295,7.155,0.125,0.000,13.767
10.03436,7.161,0.125,0.000,13.767
10.06665,7.160,0.125,0.000,13.767
10.09849,7.153,0.125,0.000,13.767
10.13018,7.149,0.125,0.000,13.767
10.16264,7.136,0.125,0.000,13.767
10.19493,7.129,0.124,0.000,13.767
10.22638,7.127,0.124,0.000,13.767
10.25900,7.121,0.124,0.000,13.767
10.29141,7.121,0.124,0.000,13.767
10.32328,7.124,0.124,0.000,13.767
10.35460,7.127,0.124,0.000,13.767
10.38712,7.134,0.125,0.000,13.767
10.41977,7.137,0.125,0.000,13.767
10.45249,7.137,0.125,0.000,13.767
10.49293,7.152,0.125,0.000,13.767
10.52483,7.158,0.125,0.000,13.767
10.55667,7.162,0.125,0.000,13.767
10.58896,7.173,0.125,0.000,13.767
10.62098,7.177,0.125,0.000,13.767
10.65358,7.187,0.125,0.000,13.767
10.68579,7.182,0.125,0.000,13.767
10.71718,7.183,0.125,0.000,13.767
10.75023,7.179,0.125,0.000,13.767
10.78188,7.176,0.125,0.000,13.767
10.81431,7.164,0.125,0.000,13.767
10.84674,7.152,0.125,0.000,13.767
10.87837,7.148,0.125,0.000,13.767
10.91068,7.149,0.125,0.000,13.767
10.94300,7.152,0.125,0.000,13.767
10.97486,7.157,0.125,0.000,13.767
11.01624,7.179,0.125,0.000,13.767
11.04761,7.203,0.126,0.000,13.767
11.07979,7.244,0.126,0.000,13.767
11.11240,7.325,0.128,0.000,13.767
11.14523,7.449,0.130,0.000,13.767
11.17699,7.668,0.134,0.000,13.767
11.20886,7.984,0.139,0.000,13.767
11.24167,8.339,0.146,0.000,13.767
11.27330,8.765,0.153,0.000,13.767
11.30607,9.235,0.161,0.000,13.767
11.33754,9.693,0.169,0.000,13.767
11.36934,9.948,0.174,0.000,13.767
11.40189,10.477,0.183,0.000,13.767
11.43386,11.041,0.193,0.000,13.767
11.46647,11.829,0.206,0.000,13.767
11.49891,12.268,0.214,0.000,13.767
11.53036,12.696,0.222,0.000,13.767
11.56203,13.059,0.228,0.000,13.767
11.59379,13.216,0.231,0.000,13.767
11.62624,13.507,0.236,0.000,13.767
11.65853,13.918,0.243,0.000,13.918
11.69051,14.192,0.248,0.000,14.192
11.72273,14.457,0.252,0.000,14.457
11.75516,14.706,0.257,0.000,14.706
11.78646,14.949,0.261,0.000,14.949
11.88625,15.066,0.263,0.000,15.066
11.98221,15.158,0.265,6.000,15.158
12.07809,15.389,0.269,6.000,15.389
12.17406,15.645,0.273,6.000,15.645
12.27007,15.904,0.278,6.000,15.904
12.36620,16.161,0.282,6.000,16.161
12.46217,16.382,0.286,6.000,16.382
12.55820,16.637,0.290,6.500,16.637
12.65406,16.772,0.293,6.500,16.772
12.75019,17.036,0.297,7.000,17.036
12.84651,17.374,0.303,7.000,17.374
12.94248,17.481,0.305,7.500,17.481
13.03865,17.688,0.309,8.500,17.688
13.13469,17.902,0.312,9.500,17.902
13.23068,18.090,0.316,11.000,18.090
13.32617,18.172,0.317,13.000,18.172
13.42261,18.410,0.321,15.000,18.410
13.51820,18.464,0.322,17.000,18.464
13.61415,18.521,0.323,18.500,18.521
13.71032,18.628,0.325,19.500,18.628
13.80602,18.706,0.326,20.000,18.706
13.90202,18.766,0.328,20.500,18.766
13.99813,18.819,0.328,20.500,18.819
14.09413,18.860,0.329,20.500,18.860
14.19016,18.914,0.330,20.500,18.914
14.28624,18.949,0.331,20.500,18.949
14.38256,18.965,0.331,20.500,18.965
14.47816,18.967,0.331,20.500,18.967
14.57403,18.987,0.331,20.500,18.987
14.67014,19.056,0.333,20.500,19.056
14.76609,19.143,0.334,20.500,19.143
14.86211,19.222,0.335,20.500,19.222
14.95850,19.345,0.338,20.500,19.345
15.02211,19.345,0.338,20.500,19.345
15.05827,19.559,0.341,0.000,19.559
15.08779,19.669,0.343,0.000,19.669
15.12024,19.820,0.346,0.000,19.820
15.15139,20.001,0.349,0.000,20.001
15.18372,20.101,0.351,0.000,20.101
15.21669,20.400,0.356,0.000,20.400
15.25648,20.752,0.362,0.000,20.752
15.28830,20.935,0.365,0.000,20.935
15.32092,21.490,0.375,0.000,21.490
15.35268,22.147,0.387,0.000,22.147
15.38417,22.938,0.400,0.000,22.938
15.41656,23.928,0.418,0.000,23.928
15.44825,24.496,0.428,0.000,24.496
15.48034,25.552,0.446,0.000,25.552
15.51307,27.583,0.481,0.000,27.583
15.54447,28.313,0.494,0.000,28.313
15.57745,30.709,0.536,0.000,30.709
15.60972,32.154,0.561,0.000,32.154
15.64160,33.789,0.590,0.000,33.789
15.67333,35.467,0.619,0.000,35.467
15.70539,37.004,0.646,0.000,37.004
15.73831,38.409,0.670,0.000,38.409
15.76548,39.652,0.692,0.000,39.652
15.79363,40.932,0.714,0.000,40.932
15.82609,42.251,0.737,0.000,42.251
15.85764,43.685,0.762,0.000,43.685
15.88842,45.196,0.789,0.000,45.196
15.92063,46.575,0.813,0.000,46.575
15.95329,47.947,0.837,0.000,47.947
15.98469,48.567,0.848,0.000,48.567
16.01665,49.828,0.870,0.000,49.828
16.04952,51.537,0.899,0.000,51.537
16.08140,52.567,0.917,0.000,52.567
16.11307,53.590,0.935,0.000,53.590
16.14498,54.571,0.952,0.000,54.571
16.17714,55.493,0.969,0.000,55.493
16.20918,56.324,0.983,0.000,56.324
16.24149,57.092,0.996,0.000,57.092
16.27264,57.466,1.003,0.000,57.466
16.31298,58.740,1.025,0.000,58.740
16.34563,59.299,1.035,0.000,59.299
16.37649,59.581,1.040,0.000,59.581
16.40980,60.071,1.048,0.000,60.071
16.44159,60.537,1.057,0.000,60.537
16.47417,61.256,1.069,0.000,61.256
16.50588,61.448,1.072,0.000,61.448
16.53855,61.914,1.081,0.000,61.914
16.57032,62.024,1.083,0.000,62.024
16.60338,62.317,1.088,0.000,62.317
16.63483,62.548,1.092,0.000,62.548
16.66734,62.526,1.091,0.000,62.613
16.69915,62.202,1.086,0.000,62.613
16.73098,61.167,1.068,0.000,62.613
16.76343,58.792,1.026,0.000,62.613
16.79515,55.050,0.961,0.000,62.613
16.83561,46.742,0.816,0.000,62.613
16.86746,41.641,0.727,0.000,62.613
16.89914,38.520,0.672,0.000,62.613
16.93189,28.835,0.503,0.000,62.613
16.96357,23.606,0.412,0.000,62.613
16.99609,19.293,0.337,0.000,62.613
17.02828,16.093,0.281,0.000,62.613
17.06096,13.306,0.232,0.000,13.306
17.09508,11.201,0.195,0.000,13.306
17.12806,9.365,0.163,0.000,13.306
17.15987,8.872,0.155,0.000,13.306
17.19146,8.751,0.153,0.000,13.306
17.22373,8.401,0.147,0.000,13.306
17.25575,8.211,0.143,0.000,13.306
17.28811,8.084,0.141,0.000,13.306
17.31940,8.019,0.140,0.000,13.306
17.35153,7.928,0.138,0.000,13.306
17.39128,7.827,0.137,0.000,13.306
17.42341,7.771,0.136,0.000,13.306
17.45575,7.763,0.135,0.000,13.306
17.48727,7.742,0.135,0.000,13.306
17.51903,7.717,0.135,0.000,13.306
17.55103,7.680,0.134,0.000,13.306
17.58316,7.670,0.134,0.000,13.306
17.61505,7.665,0.134,0.000,13.306
17.64681,7.641,0.133,0.000,13.306
17.67902,7.625,0.133,0.000,13.306
17.71098,7.619,0.133,0.000,13.306
17.74417,7.611,0.133,0.000,13.306
17.77553,7.596,0.133,0.000,13.306
17.80715,7.588,0.132,0.000,13.306
17.83978,7.581,0.132,0.000,13.306
17.87199,7.577,0.132,0.000,13.306
17.91211,7.577,0.132,0.000,13.306
17.94378,7.578,0.132,0.000,13.306
17.97621,7.589,0.132,0.000,13.306
18.00853,7.593,0.133,0.000,13.306
18.04067,7.609,0.133,0.000,13.306
18.07363,7.652,0.134,0.000,13.306
18.10478,7.712,0.135,0.000,13.306
18.13663,7.747,0.135,0.000,13.306
18.16906,7.861,0.137,0.000,13.306
18.20118,7.916,0.138,0.000,13.306
18.23343,7.937,0.139,0.000,13.306
18.26503,7.935,0.138,0.000,13.306
18.29713,7.883,0.138,0.000,13.306
18.32933,7.825,0.137,0.000,13.306
18.36182,7.769,0.136,0.000,13.306
18.39377,7.719,0.135,0.000,13.306
18.42153,7.695,0.134,0.000,13.306
18.45068,7.667,0.134,0.000,13.306
18.48299,7.660,0.134,0.000,13.306
18.51477,7.654,0.134,0.000,13.306
18.54786,7.630,0.133,0.000,13.306
18.58004,7.618,0.133,0.000,13.306
18.61127,7.611,0.133,0.000,13.306
18.64404,7.608,0.133,0.000,13.306
18.67570,7.609,0.133,0.000,13.306
18.70778,7.615,0.133,0.000,13.306
18.74099,7.621,0.133,0.000,13.306
18.77212,7.624,0.133,0.000,13.306
18.80446,7.631,0.133,0.000,13.306
18.83657,7.638,0.133,0.000,13.306
18.86861,7.642,0.133,0.000,13.306
18.90133,7.641,0.133,0.000,13.306
18.93413,7.651,0.134,0.000,13.306
18.97344,7.662,0.134,0.000,13.306
19.00584,7.678,0.134,0.000,13.306
19.03695,7.698,0.134,0.000,13.306
19.06907,7.725,0.135,0.000,13.306
19.10152,7.889,0.138,0.000,13.306
19.13477,8.090,0.141,0.000,13.306
19.16748,8.316,0.145,0.000,13.306
19.19875,8.530,0.149,0.000,13.306
19.22963,8.619,0.150,0.000,13.306
19.26171,8.802,0.154,0.000,13.306
19.29486,9.086,0.159,0.000,13.306
19.32649,9.351,0.163,0.000,13.306
19.35892,9.639,0.168,0.000,13.306
19.39147,9.913,0.173,0.000,13.306
19.42225,10.071,0.176,0.000,13.306
19.45455,10.416,0.182,0.000,13.306
19.49562,11.077,0.193,0.000,13.306
19.52688,11.578,0.202,0.000,13.306
19.56056,12.335,0.215,0.000,13.306
19.59183,12.599,0.220,0.000,13.306
19.62472,13.370,0.233,0.000,13.370
19.65648,13.845,0.242,0.000,13.845
19.68798,14.304,0.250,0.000,14.304
19.72023,14.804,0.258,0.000,14.804
19.82226,15.328,0.268,0.000,15.328
19.91803,15.621,0.273,6.000,15.621
20.01389,16.232,0.283,6.000,16.232
20.10987,16.513,0.288,6.000,16.513
20.20595,17.014,0.297,6.000,17.014
20.30216,17.523,0.306,6.000,17.523
20.39819,17.983,0.314,6.500,17.983
20.43430,18.204,0.318,6.500,18.204
20.51007,18.204,0.318,6.500,18.204
20.60629,18.793,0.328,6.500,18.793
20.70197,18.965,0.331,7.000,18.965
20.79795,19.276,0.336,7.500,19.276
20.89383,19.446,0.339,8.500,19.446
20.99001,19.765,0.345,9.500,19.765
21.08597,20.065,0.350,11.000,20.065
21.18225,20.318,0.355,13.000,20.318
21.27842,20.439,0.357,15.500,20.439
21.37391,20.439,0.357,18.000,20.439
21.46994,20.636,0.360,20.500,20.636
21.56594,20.840,0.364,22.500,20.840
21.66195,21.025,0.367,23.500,21.025
21.75794,21.112,0.368,24.000,21.112
21.85390,21.193,0.370,24.000,21.193
21.94995,21.282,0.371,24.500,21.282
22.04591,21.466,0.375,24.500,21.466
22.14218,21.797,0.380,24.500,21.797
22.23789,21.917,0.383,24.500,21.917
22.33406,22.031,0.385,24.500,22.031
22.42995,22.257,0.388,24.500,22.257
22.52602,22.371,0.390,24.500,22.371
22.62191,22.584,0.394,24.500,22.584
22.71792,22.804,0.398,24.500,22.804
22.81393,23.033,0.402,24.500,23.033
22.90990,23.142,0.404,24.500,23.142
22.97389,23.351,0.408,24.500,23.351
23.00150,23.677,0.413,0.000,23.677
23.03358,23.789,0.415,0.000,23.789
23.06597,24.117,0.421,0.000,24.117
23.09859,24.330,0.425,0.000,24.330
23.12978,24.420,0.426,0.000,24.420
23.16230,24.650,0.430,0.000,24.650
23.19612,24.840,0.434,0.000,24.840
23.22828,24.937,0.435,0.000,24.937
23.26003,25.017,0.437,0.000,25.017
23.29218,25.094,0.438,0.000,25.094
23.32332,25.155,0.439,0.000,25.155
23.35538,25.173,0.439,0.000,25.173
23.38787,25.239,0.441,0.000,25.239
23.41993,25.271,0.441,0.000,25.271
23.45204,25.318,0.442,0.000,25.318
23.48464,25.375,0.443,0.000,25.375
23.51610,25.442,0.444,0.000,25.442
23.54822,25.519,0.445,0.000,25.519
23.58022,25.597,0.447,0.000,25.597
23.61204,25.694,0.448,0.000,25.694
23.64395,25.793,0.450,0.000,25.793
23.67638,25.892,0.452,0.000,25.892
23.70833,25.993,0.454,0.000,25.993
23.74835,26.181,0.457,0.000,26.181
23.78060,26.308,0.459,0.000,26.308
23.81223,26.401,0.461,0.000,26.401
23.84503,26.920,0.470,0.000,26.920
23.87726,27.398,0.478,0.000,27.398
23.90924,28.282,0.494,0.000,28.282
23.94172,29.245,0.510,0.000,29.245
23.97386,30.596,0.534,0.000,30.596
24.00561,32.222,0.562,0.000,32.222
24.03816,34.134,0.596,0.000,34.134
24.06926,35.147,0.613,0.000,35.147
24.10185,36.981,0.645,0.000,36.981
24.13485,40.196,0.702,0.000,40.196
24.16717,42.411,0.740,0.000,42.411
24.19872,43.540,0.760,0.000,43.540
24.23301,47.070,0.822,0.000,47.070
24.27176,49.423,0.863,0.000,49.423
24.30412,51.973,0.907,0.000,51.973
24.33654,55.688,0.972,0.000,55.688
24.36811,56.922,0.993,0.000,56.922
24.40071,59.284,1.035,0.000,59.284
24.43331,62.838,1.097,0.000,62.838
24.46480,65.313,1.140,0.000,65.313
24.49720,67.592,1.180,0.000,67.592
24.52876,68.673,1.199,0.000,68.673
24.56168,71.670,1.251,0.000,71.670
24.59301,73.566,1.284,0.000,73.566
24.62421,74.425,1.299,0.000,74.425
24.65698,76.608,1.337,0.000,76.608
24.68906,77.868,1.359,0.000,77.868
24.72033,78.878,1.377,0.000,78.878
24.75279,79.754,1.392,0.000,79.754
24.78172,80.525,1.405,0.000,80.525
24.81891,81.237,1.418,0.000,81.237
24.85047,81.838,1.428,0.000,81.838
24.88275,82.377,1.438,0.000,82.377
24.91514,82.912,1.447,0.000,82.912
24.94670,83.159,1.451,0.000,83.159
24.97873,83.646,1.460,0.000,83.646
25.01094,84.066,1.467,0.000,84.066
25.04359,84.596,1.476,0.000,84.596
25.07469,84.741,1.479,0.000,84.741
25.10767,85.049,1.484,0.000,85.049
25.14001,85.190,1.487,0.000,85.190
25.17177,85.302,1.489,0.000,85.302
25.20387,85.446,1.491,0.000,85.446
25.23614,85.642,1.495,0.000,85.642
25.26803,85.889,1.499,0.000,85.889
25.30069,86.021,1.501,0.000,86.021
25.34158,84.896,1.482,0.000,86.021
25.37285,84.308,1.471,0.000,86.021
25.40570,81.212,1.417,0.000,86.021
25.43811,79.147,1.381,0.000,86.021
25.47089,69.269,1.209,0.000,86.021
25.50276,61.002,1.065,0.000,86.021
25.53557,52.747,0.921,0.000,86.021
25.56679,43.197,0.754,0.000,86.021
25.59862,33.765,0.589,0.000,86.021
25.63057,26.216,0.458,0.000,86.021
25.66274,20.206,0.353,0.000,86.021
25.69529,16.531,0.289,0.000,86.021
25.72756,13.508,0.236,0.000,13.508
25.76007,10.627,0.185,0.000,13.508
25.80137,8.385,0.146,0.000,13.508
25.83190,8.614,0.150,0.000,13.508
25.87332,9.206,0.161,0.000,13.508
25.90345,9.333,0.163,0.000,13.508
25.93617,9.264,0.162,0.000,13.508
25.96753,8.636,0.151,0.000,13.508
26.00066,7.767,0.136,0.000,13.508
26.03216,7.606,0.133,0.000,13.508
26.06365,7.371,0.129,0.000,13.508
26.09614,7.306,0.128,0.000,13.508
26.12763,7.285,0.127,0.000,13.508
26.15987,7.309,0.128,0.000,13.508
26.19206,7.277,0.127,0.000,13.508
26.22346,7.241,0.126,0.000,13.508
26.25588,7.212,0.126,0.000,13.508
26.28752,7.193,0.126,0.000,13.508
26.32009,7.168,0.125,0.000,13.508
26.35089,7.124,0.124,0.000,13.508
26.38176,7.098,0.124,0.000,13.508
26.41449,7.012,0.122,0.000,13.508
26.44720,6.951,0.121,0.000,13.508
26.47972,6.911,0.121,0.000,13.508
26.51085,6.893,0.120,0.000,13.508
26.54272,6.876,0.120,0.000,13.508
26.57498,6.863,0.120,0.000,13.508
26.60719,6.856,0.120,0.000,13.508
26.63963,6.852,0.120,0.000,13.508
26.67073,6.861,0.120,0.000,13.508
26.70312,6.864,0.120,0.000,13.508
26.73534,6.861,0.120,0.000,13.508
26.76623,6.862,0.120,0.000,13.508
26.79856,6.850,0.120,0.000,13.508
26.83083,6.841,0.119,0.000,13.508
26.86261,6.831,0.119,0.000,13.508
26.90082,6.816,0.119,0.000,13.508
26.93268,6.820,0.119,0.000,13.508
26.96485,6.830,0.119,0.000,13.508
26.99678,6.831,0.119,0.000,13.508
27.02947,6.831,0.119,0.000,13.508
27.06196,6.844,0.119,0.000,13.508
27.09351,6.850,0.120,0.000,13.508
27.12570,6.849,0.120,0.000,13.508
27.15835,6.838,0.119,0.000,13.508
27.19101,6.830,0.119,0.000,13.508
27.22240,6.811,0.119,0.000,13.508
27.25414,6.815,0.119,0.000,13.508
27.28631,6.834,0.119,0.000,13.508
27.31858,6.865,0.120,0.000,13.508
27.35053,6.913,0.121,0.000,13.508
27.38250,6.960,0.121,0.000,13.508
27.41596,7.021,0.123,0.000,13.508
27.45537,7.125,0.124,0.000,13.508
27.48643,7.162,0.125,0.000,13.508
27.51857,7.322,0.128,0.000,13.508
27.55090,7.522,0.131,0.000,13.508
27.58289,7.761,0.135,0.000,13.508
27.61423,7.896,0.138,0.000,13.508
27.64649,8.443,0.147,0.000,13.508
27.67855,8.894,0.155,0.000,13.508
27.71065,9.417,0.164,0.000,13.508
27.74204,9.753,0.170,0.000,13.508
27.77395,10.910,0.190,0.000,13.508
27.80592,11.661,0.204,0.000,13.508
27.83768,12.004,0.210,0.000,13.508
27.87029,12.842,0.224,0.000,13.508
27.90275,13.384,0.234,0.000,13.508
27.93430,13.684,0.239,0.000,13.684
27.97507,14.994,0.262,0.000,14.994
28.07776,15.339,0.268,0.000,15.339
28.17362,15.931,0.278,6.000,15.931
28.26973,16.488,0.288,6.000,16.488
28.36583,16.991,0.297,6.000,16.991
28.46175,17.452,0.305,6.000,17.452
28.55774,17.840,0.311,6.000,17.840
28.65375,18.193,0.318,6.500,18.193
28.74968,18.548,0.324,6.500,18.548
28.84574,18.698,0.326,6.500,18.698
28.94228,19.123,0.334,7.000,19.123
29.03771,19.259,0.336,7.500,19.259
29.13421,19.683,0.344,8.500,19.683
29.22997,19.836,0.346,9.500,19.836
29.32561,19.836,0.346,11.000,19.836
29.42170,19.979,0.349,13.000,19.979
29.51771,20.105,0.351,15.500,20.105
29.61376,20.219,0.353,18.500,20.219
29.71004,20.571,0.359,21.500,20.571
29.80558,20.571,0.359,23.500,20.571
29.90199,20.764,0.362,24.500,20.764
29.99771,20.862,0.364,25.500,20.862
30.09378,21.065,0.368,25.500,21.065
30.18967,21.166,0.369,26.000,21.166
30.28573,21.353,0.373,26.000,21.353
30.38182,21.539,0.376,26.000,21.539
30.47797,21.794,0.380,26.000,21.794
30.57367,21.794,0.380,26.000,21.794
30.66957,21.958,0.383,26.000,21.958
30.76567,22.033,0.385,26.000,22.033
30.86169,22.113,0.386,26.000,22.113
30.95832,22.281,0.389,26.000,22.281
31.05400,22.371,0.390,26.000,22.371
31.14974,22.371,0.390,26.000,22.371
31.21372,22.531,0.393,26.000,22.531
31.24266,22.730,0.397,0.000,22.730
31.27017,22.968,0.401,0.000,22.968
31.31146,23.134,0.404,0.000,23.134
31.34236,23.219,0.405,0.000,23.219
31.37481,23.462,0.409,0.000,23.462
31.40699,23.686,0.413,0.000,23.686
31.43816,23.823,0.416,0.000,23.823
31.47100,24.235,0.423,0.000,24.235
31.50341,24.460,0.427,0.000,24.460
31.53474,24.690,0.431,0.000,24.690
31.56741,24.937,0.435,0.000,24.937
31.59915,25.151,0.439,0.000,25.151
31.63104,25.365,0.443,0.000,25.365
31.67210,25.689,0.448,0.000,25.689
31.70450,25.909,0.452,0.000,25.909
31.73691,26.123,0.456,0.000,26.123
31.76900,26.346,0.460,0.000,26.346
31.80145,26.568,0.464,0.000,26.568
31.83224,26.794,0.468,0.000,26.794
31.86490,27.028,0.472,0.000,27.028
31.89663,27.283,0.476,0.000,27.283
31.92856,27.525,0.480,0.000,27.525
31.96054,27.717,0.484,0.000,27.717
31.99306,27.896,0.487,0.000,27.896
32.02468,28.077,0.490,0.000,28.077
32.05734,28.234,0.493,0.000,28.234
32.09386,28.363,0.495,0.000,28.363
32.12152,28.423,0.496,0.000,28.423
32.15240,28.536,0.498,0.000,28.536
32.18500,28.726,0.501,0.000,28.726
32.22536,28.915,0.505,0.000,28.915
32.25845,29.042,0.507,0.000,29.042
32.28927,29.167,0.509,0.000,29.167
32.32135,29.291,0.511,0.000,29.291
32.35286,29.347,0.512,0.000,29.347
32.38500,29.461,0.514,0.000,29.461
32.41702,29.632,0.517,0.000,29.632
32.44898,29.692,0.518,0.000,29.692
32.48066,29.799,0.520,0.000,29.799
32.51346,30.008,0.524,0.000,30.008
32.54539,30.158,0.526,0.000,30.158
32.57726,30.325,0.529,0.000,30.325
32.60915,30.406,0.531,0.000,30.406
32.64104,30.667,0.535,0.000,30.667
32.67691,30.864,0.539,0.000,30.864
32.70659,31.145,0.544,0.000,31.145
32.74694,31.865,0.556,0.000,31.865
32.77923,32.434,0.566,0.000,32.434
32.81075,32.867,0.574,0.000,32.867
32.84305,34.406,0.601,0.000,34.406
32.87524,35.741,0.624,0.000,35.741
32.90739,37.197,0.649,0.000,37.197
32.93935,38.744,0.676,0.000,38.744
32.97148,40.491,0.707,0.000,40.491
33.00383,42.446,0.741,0.000,42.446
33.03617,44.684,0.780,0.000,44.684
33.06732,45.810,0.800,0.000,45.810
33.10031,49.100,0.857,0.000,49.100
33.13211,50.215,0.876,0.000,50.215
33.16419,52.490,0.916,0.000,52.490
33.19586,56.088,0.979,0.000,56.088
33.22788,58.489,1.021,0.000,58.489
33.26820,61.640,1.076,0.000,61.640
33.30001,63.522,1.109,0.000,63.522
33.33297,65.160,1.137,0.000,65.160
33.36543,66.846,1.167,0.000,66.846
33.39717,68.452,1.195,0.000,68.452
33.42886,69.922,1.220,0.000,69.922
33.46119,71.197,1.243,0.000,71.197
33.49189,71.827,1.254,0.000,71.827
33.52508,73.840,1.289,0.000,73.840
33.55651,75.173,1.312,0.000,75.173
33.58865,75.883,1.324,0.000,75.883
33.62052,77.337,1.350,0.000,77.337
33.65238,78.752,1.374,0.000,78.752
33.68479,80.666,1.408,0.000,80.666
33.71664,81.637,1.425,0.000,81.637
33.74881,82.476,1.439,0.000,82.476
33.77443,82.858,1.446,0.000,82.858
33.80513,83.793,1.462,0.000,83.793
33.83739,84.327,1.472,0.000,84.327
33.86898,84.743,1.479,0.000,84.743
33.90131,85.081,1.485,0.000,85.081
33.93387,85.349,1.490,0.000,85.349
33.96547,85.445,1.491,0.000,85.445
33.99758,85.637,1.495,0.000,85.637
34.03380,85.981,1.501,0.000,85.981
34.06113,86.117,1.503,0.000,86.117
34.09390,86.579,1.511,0.000,86.579
34.12550,86.926,1.517,0.000,86.926
34.15765,87.279,1.523,0.000,87.279
34.18910,87.590,1.529,0.000,87.590
34.22159,87.292,1.524,0.000,87.590
34.25405,86.029,1.501,0.000,87.590
34.28642,84.674,1.478,0.000,87.590
34.32012,79.701,1.391,0.000,87.590
34.35119,77.202,1.347,0.000,87.590
34.38411,65.884,1.150,0.000,87.590
34.41550,57.931,1.011,0.000,87.590
34.44736,53.544,0.935,0.000,87.590
34.48009,39.167,0.684,0.000,87.590
34.51088,34.653,0.605,0.000,87.590
34.54352,26.850,0.469,0.000,87.590
34.57591,18.185,0.317,0.000,87.590
34.60789,14.246,0.249,0.000,87.590
34.64167,9.346,0.163,0.000,12.357
34.67772,8.331,0.145,0.000,12.357
34.70884,8.547,0.149,0.000,12.357
34.74173,9.555,0.167,0.000,12.357
34.77326,9.892,0.173,0.000,12.357
34.80556,9.981,0.174,0.000,12.357
34.83953,9.640,0.168,0.000,12.357
34.87686,8.610,0.150,0.000,12.357
34.90936,8.244,0.144,0.000,12.357
34.94214,7.536,0.132,0.000,12.357
34.97408,7.140,0.125,0.000,12.357
35.00572,6.831,0.119,0.000,12.357
35.03781,6.582,0.115,0.000,12.357
35.06921,6.515,0.114,0.000,12.357
35.10199,6.477,0.113,0.000,12.357
35.13332,6.501,0.113,0.000,12.357
35.16555,6.546,0.114,0.000,12.357
35.19775,6.586,0.115,0.000,12.357
35.22912,6.599,0.115,0.000,12.357
35.26126,6.668,0.116,0.000,12.357
35.29314,6.680,0.117,0.000,12.357
35.32540,6.676,0.117,0.000,12.357
35.35827,6.725,0.117,0.000,12.357
35.39100,6.772,0.118,0.000,12.357
35.42270,6.800,0.119,0.000,12.357
35.45399,6.807,0.119,0.000,12.357
35.48673,6.780,0.118,0.000,12.357
35.51805,6.750,0.118,0.000,12.357
35.55056,6.649,0.116,0.000,12.357
35.58229,6.575,0.115,0.000,12.357
35.61457,6.503,0.114,0.000,12.357
35.64619,6.425,0.112,0.000,12.357
35.67920,6.347,0.111,0.000,12.357
35.70990,6.312,0.110,0.000,12.357
35.74165,6.252,0.109,0.000,12.357
35.77433,6.186,0.108,0.000,12.357
35.80672,6.165,0.108,0.000,12.357
35.83897,6.162,0.108,0.000,12.357
35.87100,6.167,0.108,0.000,12.357
35.90133,6.184,0.108,0.000,12.357
35.94320,6.247,0.109,0.000,12.357
35.97412,6.267,0.109,0.000,12.357
36.00713,6.313,0.110,0.000,12.357
36.03973,6.327,0.110,0.000,12.357
36.07112,6.343,0.111,0.000,12.357
36.10316,6.349,0.111,0.000,12.357
36.13539,6.352,0.111,0.000,12.357
36.16739,6.352,0.111,0.000,12.357
36.20053,6.365,0.111,0.000,12.357
36.23195,6.365,0.111,0.000,12.357
36.26382,6.344,0.111,0.000,12.357
36.29642,6.314,0.110,0.000,12.357
36.32858,6.307,0.110,0.000,12.357
36.36066,6.310,0.110,0.000,12.357
36.39327,6.342,0.111,0.000,12.357
36.42562,6.343,0.111,0.000,12.357
36.46479,6.334,0.111,0.000,12.357
36.49761,6.360,0.111,0.000,12.357
36.52943,6.409,0.112,0.000,12.357
36.56160,6.428,0.112,0.000,12.357
36.59317,6.484,0.113,0.000,12.357
36.62466,6.508,0.114,0.000,12.357
36.65689,6.509,0.114,0.000,12.357
36.68959,6.507,0.114,0.000,12.357
36.72085,6.509,0.114,0.000,12.357
36.75356,6.514,0.114,0.000,12.357
36.78555,6.466,0.113,0.000,12.357
36.81621,6.432,0.112,0.000,12.357
36.84888,6.331,0.110,0.000,12.357
36.88116,6.257,0.109,0.000,12.357
36.91307,6.188,0.108,0.000,12.357
36.94552,6.145,0.107,0.000,12.357
36.98249,6.122,0.107,0.000,12.357
37.01556,6.099,0.106,0.000,12.357
37.04785,6.090,0.106,0.000,12.357
37.07906,6.091,0.106,0.000,12.357
37.11252,6.089,0.106,0.000,12.357
37.14426,6.082,0.106,0.000,12.357
37.17639,6.076,0.106,0.000,12.357
37.20853,6.066,0.106,0.000,12.357
37.24083,6.054,0.106,0.000,12.357
37.27181,6.048,0.106,0.000,12.357
37.30400,6.045,0.106,0.000,12.357
37.33594,6.037,0.105,0.000,12.357
37.36776,6.035,0.105,0.000,12.357
37.40048,6.035,0.105,0.000,12.357
37.43243,6.042,0.105,0.000,12.357
37.46437,6.042,0.105,0.000,12.357
37.49564,6.045,0.106,0.000,12.357
37.52742,6.048,0.106,0.000,12.357
37.55999,6.051,0.106,0.000,12.357
37.59191,6.046,0.106,0.000,12.357
37.62391,6.043,0.105,0.000,12.357
37.65598,6.039,0.105,0.000,12.357
37.68835,6.032,0.105,0.000,12.357
37.72179,6.036,0.105,0.000,12.357
37.75243,6.039,0.105,0.000,12.357
37.78486,6.043,0.105,0.000,12.357
37.81787,6.053,0.106,0.000,12.357
37.85010,6.068,0.106,0.000,12.357
37.88262,6.085,0.106,0.000,12.357
37.91357,6.092,0.106,0.000,12.357
37.94624,6.105,0.107,0.000,12.357
37.97877,6.126,0.107,0.000,12.357
38.01111,6.145,0.107,0.000,12.357
38.04981,6.151,0.107,0.000,12.357
38.08244,6.152,0.107,0.000,12.357
38.11376,6.157,0.107,0.000,12.357
38.14732,6.170,0.108,0.000,12.357
38.17844,6.170,0.108,0.000,12.357
38.21077,6.166,0.108,0.000,12.357
38.24327,6.164,0.108,0.000,12.357
38.27578,6.148,0.107,0.000,12.357
38.30719,6.130,0.107,0.000,12.357
38.33936,6.115,0.107,0.000,12.357
38.37060,6.108,0.107,0.000,12.357
38.40376,6.096,0.106,0.000,12.357
38.43457,6.092,0.106,0.000,12.357
38.46692,6.086,0.106,0.000,12.357
38.49977,6.087,0.106,0.000,12.357
38.53136,6.087,0.106,0.000,12.357
38.56305,6.099,0.106,0.000,12.357
38.60495,6.106,0.107,0.000,12.357
38.63636,6.107,0.107,0.000,12.357
38.66872,6.100,0.106,0.000,12.357
38.70113,6.095,0.106,0.000,12.357
38.73273,6.089,0.106,0.000,12.357
38.76512,6.078,0.106,0.000,12.357
38.79731,6.066,0.106,0.000,12.357
38.82876,6.062,0.106,0.000,12.357
38.86120,6.054,0.106,0.000,12.357
38.89391,6.043,0.105,0.000,12.357
38.92478,6.037,0.105,0.000,12.357
38.95756,6.026,0.105,0.000,12.357
38.98918,6.022,0.105,0.000,12.357
39.02191,6.003,0.105,0.000,12.357
39.05405,5.990,0.105,0.000,12.357
39.08448,5.977,0.104,0.000,12.357
39.11068,5.967,0.104,0.000,12.357
39.14262,5.958,0.104,0.000,12.357
39.17501,5.952,0.104,0.000,12.357
39.20759,5.949,0.104,0.000,12.357
39.24004,5.948,0.104,0.000,12.357
39.27141,5.953,0.104,0.000,12.357
39.30397,5.960,0.104,0.000,12.357
39.33550,5.963,0.104,0.000,12.357
39.36770,5.969,0.104,0.000,12.357
39.40064,5.969,0.104,0.000,12.357
39.43199,5.966,0.104,0.000,12.357
39.46439,5.965,0.104,0.000,12.357
39.49722,5.967,0.104,0.000,12.357
39.52916,5.964,0.104,0.000,12.357
39.56176,5.958,0.104,0.000,12.357
39.59346,5.956,0.104,0.000,12.357
39.63386,5.956,0.104,0.000,12.357
39.66514,5.954,0.104,0.000,12.357
39.69764,5.957,0.104,0.000,12.357
39.72963,5.956,0.104,0.000,12.357
39.76228,5.953,0.104,0.000,12.357
39.79381,5.949,0.104,0.000,12.357
39.82571,5.950,0.104,0.000,12.357
39.85798,5.950,0.104,0.000,12.357
39.88991,5.949,0.104,0.000,12.357
39.92078,5.952,0.104,0.000,12.357
39.95310,5.963,0.104,0.000,12.357
39.98538,5.973,0.104,0.000,12.357
40.01716,5.981,0.104,0.000,12.357
40.04992,6.003,0.105,0.000,12.357
40.08105,6.010,0.105,0.000,12.357
40.11356,6.024,0.105,0.000,12.357
40.14569,6.030,0.105,0.000,12.357
40.17831,6.030,0.105,0.000,12.357
40.21045,6.035,0.105,0.000,12.357
40.24295,6.032,0.105,0.000,12.357
40.27433,6.025,0.105,0.000,12.357
40.30625,6.026,0.105,0.000,12.357
40.33874,6.028,0.105,0.000,12.357
40.37080,6.026,0.105,0.000,12.357
40.40199,6.020,0.105,0.000,12.357
40.43449,6.011,0.105,0.000,12.357
40.46745,5.996,0.105,0.000,12.357
40.49830,5.989,0.105,0.000,12.357
40.53117,5.962,0.104,0.000,12.357
40.56351,5.946,0.104,0.000,12.357
40.59593,5.934,0.104,0.000,12.357
40.62746,5.928,0.103,0.000,12.357
40.66078,5.916,0.103,0.000,12.357
40.70135,5.913,0.103,0.000,12.357
40.73359,5.916,0.103,0.000,12.357
40.76565,5.922,0.103,0.000,12.357
40.79760,5.927,0.103,0.000,12.357
40.82930,5.930,0.103,0.000,12.357
40.86182,5.924,0.103,0.000,12.357
40.89428,5.922,0.103,0.000,12.357
40.92626,5.920,0.103,0.000,12.357
40.95727,5.911,0.103,0.000,12.357
40.99057,5.903,0.103,0.000,12.357
41.02240,5.903,0.103,0.000,12.357
41.05439,5.902,0.103,0.000,12.357
41.08632,5.900,0.103,0.000,12.357
41.11785,5.896,0.103,0.000,12.357
41.14979,5.896,0.103,0.000,12.357
41.18164,5.896,0.103,0.000,12.357
41.20887,5.887,0.103,0.000,12.357
41.23845,5.880,0.103,0.000,12.357
41.27051,5.867,0.102,0.000,12.357
41.30339,5.859,0.102,0.000,12.357
41.33632,5.853,0.102,0.000,12.357
41.36719,5.850,0.102,0.000,12.357
41.39850,5.850,0.102,0.000,12.357
41.43070,5.850,0.102,0.000,12.357
41.46255,5.852,0.102,0.000,12.357
41.49487,5.853,0.102,0.000,12.357
41.52683,5.854,0.102,0.000,12.357
41.55839,5.854,0.102,0.000,12.357
41.59067,5.849,0.102,0.000,12.357
41.62360,5.842,0.102,0.000,12.357
41.65594,5.843,0.102,0.000,12.357
41.68713,5.836,0.102,0.000,12.357
41.71851,5.834,0.102,0.000,12.357
41.75643,5.829,0.102,0.000,12.357
41.78910,5.837,0.102,0.000,12.357
41.82043,5.841,0.102,0.000,12.357
41.85262,5.850,0.102,0.000,12.357
41.88390,5.856,0.102,0.000,12.357
41.91617,5.856,0.102,0.000,12.357
41.94932,5.853,0.102,0.000,12.357
41.97953,5.851,0.102,0.000,12.357
42.01200,5.850,0.102,0.000,12.357
42.04366,5.847,0.102,0.000,12.357
42.07597,5.844,0.102,0.000,12.357
42.10808,5.845,0.102,0.000,12.357
42.14159,5.857,0.102,0.000,12.357
42.17297,5.862,0.102,0.000,12.357
42.20501,5.872,0.102,0.000,12.357
42.23639,5.875,0.103,0.000,12.357
42.26411,5.874,0.103,0.000,12.357
42.29290,5.871,0.102,0.000,12.357
42.32539,5.858,0.102,0.000,12.357
42.35816,5.857,0.102,0.000,12.357
42.39043,5.849,0.102,0.000,12.357
42.42186,5.845,0.102,0.000,12.357
42.45442,5.852,0.102,0.000,12.357
42.48602,5.857,0.102,0.000,12.357
42.51887,5.864,0.102,0.000,12.357
42.55100,5.863,0.102,0.000,12.357
42.58299,5.859,0.102,0.000,12.357
42.61510,5.859,0.102,0.000,12.357
42.64726,5.847,0.102,0.000,12.357
42.67915,5.838,0.102,0.000,12.357
42.71110,5.823,0.102,0.000,12.357
42.74372,5.801,0.101,0.000,12.357
42.77740,5.779,0.101,0.000,12.357
42.81705,5.761,0.101,0.000,12.357
42.84900,5.749,0.100,0.000,12.357
42.88064,5.741,0.100,0.000,12.357
42.91237,5.741,0.100,0.000,12.357
42.94504,5.747,0.100,0.000,12.357
42.97634,5.751,0.100,0.000,12.357
43.00895,5.757,0.100,0.000,12.357
43.04119,5.766,0.101,0.000,12.357
43.07272,5.772,0.101,0.000,12.357
43.10446,5.770,0.101,0.000,12.357
43.13689,5.763,0.101,0.000,12.357
43.16928,5.737,0.100,0.000,12.357
43.20159,5.710,0.100,0.000,12.357
43.23314,5.680,0.099,0.000,12.357
43.26515,5.641,0.098,0.000,12.357
43.29691,5.633,0.098,0.000,12.357
43.34617,5.648,0.099,0.000,12.357
43.37805,5.685,0.099,0.000,12.357
43.41034,5.719,0.100,0.000,12.357
43.44295,5.712,0.100,0.000,12.357
43.47538,5.683,0.099,0.000,12.357
43.50713,5.648,0.099,0.000,12.357
43.53939,5.623,0.098,0.000,12.357
43.57097,5.615,0.098,0.000,12.357
43.60361,5.627,0.098,0.000,12.357
43.63503,5.635,0.098,0.000,12.357
43.66704,5.675,0.099,0.000,12.357
43.69983,5.699,0.099,0.000,12.357
43.73101,5.715,0.100,0.000,12.357
43.76245,5.722,0.100,0.000,12.357
43.79448,5.757,0.100,0.000,12.357
43.82735,5.848,0.102,0.000,12.357
43.85497,5.948,0.104,0.000,12.357
43.88376,6.107,0.107,0.000,12.357
43.91514,6.205,0.108,0.000,12.357
43.94733,6.517,0.114,0.000,12.357
43.98012,6.749,0.118,0.000,12.357
44.01146,6.857,0.120,0.000,12.357
44.04441,7.264,0.127,0.000,12.357
44.07574,7.414,0.129,0.000,12.357
44.10848,7.873,0.137,0.000,12.357
44.14069,8.024,0.140,0.000,12.357
44.17282,8.463,0.148,0.000,12.357
44.20536,8.769,0.153,0.000,12.357
44.23744,9.080,0.158,0.000,12.357
44.26927,9.371,0.164,0.000,12.357
44.30222,9.631,0.168,0.000,12.357
44.33396,9.879,0.172,0.000,12.357
44.36608,10.116,0.177,0.000,12.357
44.40493,10.354,0.181,0.000,12.357
44.43777,10.685,0.186,0.000,12.357
44.46956,10.857,0.189,0.000,12.357
44.50174,11.024,0.192,0.000,12.357
44.53207,11.110,0.194,0.000,12.357
44.56386,11.386,0.199,0.000,12.357
44.59556,11.541,0.201,0.000,12.357
44.62736,11.689,0.204,0.000,12.357
44.66028,11.855,0.207,0.000,12.357
44.69212,12.023,0.210,0.000,12.357
44.72406,12.183,0.213,0.000,12.357
44.75615,12.324,0.215,0.000,12.357
44.78826,12.440,0.217,0.000,12.440
44.82041,12.540,0.219,0.000,12.540
44.85280,12.603,0.220,0.000,12.603
44.88404,12.659,0.221,0.000,12.659
44.92098,12.693,0.222,0.000,12.693
44.94781,12.706,0.222,0.000,12.706
44.97981,12.717,0.222,0.000,12.717
45.01133,12.728,0.222,0.000,12.728
45.04367,12.727,0.222,0.000,12.728
45.07604,12.738,0.222,0.000,12.738
45.10806,12.767,0.223,0.000,12.767
45.14095,12.797,0.223,0.000,12.797
45.17226,12.814,0.224,0.000,12.814
45.20449,12.867,0.225,0.000,12.867
45.23628,12.900,0.225,0.000,12.900
45.26947,13.003,0.227,0.000,13.003
45.30123,13.126,0.229,0.000,13.126
45.33227,13.194,0.230,0.000,13.194
45.36445,13.327,0.233,0.000,13.327
45.39661,13.409,0.234,0.000,13.409
45.42930,13.589,0.237,0.000,13.589
45.46963,13.777,0.240,0.000,13.777
45.50168,13.957,0.244,0.000,13.957
45.53429,14.046,0.245,0.000,14.046
45.56645,14.224,0.248,0.000,14.224
45.59766,14.319,0.250,0.000,14.319
45.63071,14.505,0.253,0.000,14.505
45.66145,14.694,0.256,0.000,14.694
45.69379,14.787,0.258,0.000,14.787
45.72573,14.995,0.262,0.000,14.995
45.82135,15.091,0.263,0.000,15.091
45.91748,15.412,0.269,6.000,15.412
46.01320,15.510,0.271,6.000,15.510
46.10912,15.685,0.274,6.000,15.685
46.20538,15.886,0.277,6.000,15.886
46.30129,16.080,0.281,6.000,16.080
46.39727,16.182,0.282,6.500,16.182
46.49324,16.383,0.286,6.500,16.383
46.58935,16.589,0.290,7.000,16.589
46.68525,16.700,0.291,7.000,16.700
46.78154,17.110,0.299,7.500,17.110
46.87726,17.246,0.301,8.500,17.246
