time,old_sh_el_deg,sh_el_deg,stim_curr
0.00290,0.449,0.449,0.00
0.01397,0.473,0.473,0.00
0.02709,0.473,0.473,0.00
0.03727,0.494,0.494,0.00
0.04744,0.494,0.494,0.00
0.05761,0.517,0.517,0.00
0.06835,0.517,0.517,0.00
0.07849,0.540,0.540,0.00
0.08880,0.540,0.540,0.00
0.09926,0.558,0.558,0.00
0.10989,0.558,0.570,0.00
0.12005,0.570,0.570,0.00
0.13021,0.570,0.577,0.00
0.14036,0.577,0.577,0.00
0.15052,0.577,0.586,0.00
0.16069,0.586,0.586,0.00
0.17087,0.596,0.596,0.00
0.18102,0.596,0.596,0.00
0.19383,0.596,0.596,0.00
0.20415,0.611,0.611,0.00
0.21433,0.626,0.626,0.00
0.22449,0.626,0.626,0.00
0.23466,0.643,0.643,0.00
0.24490,0.643,0.643,0.00
0.25529,0.664,0.664,0.00
0.26731,0.664,0.664,0.00
0.27747,0.689,0.689,0.00
0.28764,0.689,0.715,0.00
0.29779,0.715,0.715,0.00
0.30797,0.715,0.715,0.00
0.31813,0.744,0.744,0.00
0.32833,0.744,0.744,0.00
0.33849,0.777,0.777,0.00
0.34864,0.777,0.812,0.00
0.35880,0.812,0.812,0.00
0.36896,0.812,0.812,0.00
0.37920,0.845,0.845,0.00
0.38954,0.845,0.865,0.00
0.39972,0.865,0.865,0.00
0.41013,0.865,0.865,0.00
0.42133,0.865,0.879,0.00
0.43149,0.879,0.886,0.00
0.44164,0.886,0.886,0.00
0.45188,0.886,0.886,0.00
0.46204,0.883,0.883,0.00
0.47220,0.883,0.883,0.00
0.48236,0.883,0.875,0.00
0.49254,0.875,0.875,0.00
0.50270,0.875,0.865,0.00
0.51286,0.865,0.853,0.00
0.52302,0.853,0.853,0.00
0.53321,0.853,0.845,0.00
0.54338,0.845,0.845,0.00
0.55354,0.845,0.841,0.00
0.56370,0.841,0.841,0.00
0.57531,0.841,0.841,0.00
0.58547,0.843,0.843,0.00
0.59563,0.843,0.841,0.00
0.60580,0.841,0.841,0.00
0.61596,0.841,0.837,0.00
0.62612,0.837,0.837,0.00
0.63628,0.837,0.837,0.00
0.64644,0.837,0.830,0.00
0.65660,0.830,0.821,0.00
0.66675,0.821,0.821,0.00
0.67691,0.821,0.821,0.00
0.68790,0.811,0.807,0.00
0.69823,0.807,0.807,0.00
0.71009,0.807,0.807,0.00
0.72025,0.808,0.808,0.00
0.73040,0.808,0.808,0.00
0.74054,0.813,0.813,0.00
0.75067,0.813,0.813,0.00
0.76080,0.824,0.824,0.00
0.77097,0.824,0.824,0.00
0.78112,0.844,0.844,0.00
0.79128,0.844,0.872,0.00
0.80159,0.872,0.872,0.00
0.81173,0.872,0.898,0.00
0.82188,0.898,0.898,0.00
0.83204,0.898,0.923,0.00
0.84218,0.923,0.923,0.00
0.85243,0.923,0.945,0.00
0.86258,0.945,0.945,0.00
0.87273,0.970,0.970,0.00
0.88288,0.970,0.970,0.00
0.89315,0.970,1.005,0.00
0.90319,1.005,1.005,0.00
0.91335,1.005,1.044,0.00
0.92348,1.044,1.044,0.00
0.93365,1.044,1.085,0.00
0.94380,1.085,1.085,0.00
0.95400,1.125,1.125,0.00
0.96414,1.125,1.125,0.00
0.97428,1.170,1.170,0.00
0.98454,1.170,1.170,0.00
0.99468,1.214,1.214,0.00
1.00483,1.214,1.214,0.00
1.01498,1.214,1.247,0.00
1.02684,1.247,1.247,0.00
1.03698,1.271,1.271,0.00
1.04771,1.271,1.271,0.00
1.05784,1.298,1.298,0.00
1.06864,1.298,1.298,0.00
1.07877,1.323,1.323,0.00
1.08892,1.323,1.338,0.00
1.09906,1.338,1.338,0.00
1.10922,1.338,1.338,0.00
1.11938,1.338,1.351,0.00
1.12954,1.351,1.351,0.00
1.13967,1.366,1.366,0.00
1.14984,1.366,1.366,0.00
1.15997,1.383,1.383,0.00
1.17012,1.383,1.383,0.00
1.18026,1.399,1.399,0.00
1.19042,1.399,1.415,0.00
1.20056,1.415,1.415,0.00
1.21071,1.415,1.422,0.00
1.22085,1.422,1.422,0.00
1.23100,1.422,1.419,0.00
1.24123,1.419,1.419,0.00
1.25138,1.419,1.417,0.00
1.26152,1.417,1.417,0.00
1.27178,1.417,1.409,0.00
1.28192,1.409,1.409,0.00
1.29206,1.409,1.397,0.00
1.30223,1.397,1.397,0.00
1.31237,1.397,1.393,0.00
1.32252,1.393,1.393,0.00
1.33268,1.393,1.400,0.00
1.34283,1.400,1.400,0.00
1.35298,1.400,1.427,0.00
1.36319,1.427,1.427,0.00
1.37334,1.465,1.465,0.00
1.38348,1.465,1.465,0.00
1.39364,1.465,1.505,0.00
1.40378,1.505,1.505,0.00
1.41404,1.505,1.540,0.00
1.42418,1.540,1.540,0.00
1.43434,1.568,1.568,0.00
1.44498,1.568,1.568,0.00
1.45513,1.588,1.588,0.00
1.46610,1.588,1.588,0.00
1.47625,1.611,1.611,0.00
1.48647,1.611,1.611,0.00
1.49662,1.629,1.629,0.00
1.50773,1.629,1.629,0.00
1.51788,1.647,1.647,0.00
1.52803,1.647,1.647,0.00
1.53818,1.673,1.673,0.00
1.54833,1.673,1.673,0.00
1.55848,1.702,1.702,0.00
1.56864,1.702,1.702,0.00
1.57878,1.740,1.740,0.00
1.58895,1.740,1.740,0.00
1.59909,1.778,1.778,0.00
1.60927,1.778,1.778,0.00
1.61941,1.809,1.809,0.00
1.62958,1.809,1.825,0.00
1.63972,1.825,1.825,0.00
1.64988,1.825,1.837,0.00
1.66003,1.837,1.837,0.00
1.67017,1.837,1.846,0.00
1.68030,1.846,1.846,0.00
1.69045,1.846,1.847,0.00
1.70059,1.847,1.847,0.00
1.71074,1.847,1.844,0.00
1.72088,1.844,1.844,0.00
1.73102,1.844,1.840,0.00
1.74140,1.840,1.840,0.00
1.75176,1.840,1.837,0.00
1.76192,1.837,1.837,0.00
1.77206,1.837,1.828,0.00
1.78221,1.828,1.828,0.00
1.79235,1.828,1.828,0.00
1.80248,1.820,1.820,0.00
1.81263,1.820,1.820,0.00
1.82278,1.810,1.810,0.00
1.83294,1.810,1.810,0.00
1.84314,1.799,1.799,0.00
1.85331,1.799,1.782,0.00
1.86345,1.782,1.782,0.00
1.87361,1.782,1.772,0.00
1.88376,1.772,1.772,0.00
1.89402,1.772,1.774,0.00
1.90426,1.774,1.774,0.00
1.91442,1.783,1.783,0.00
1.92457,1.783,1.783,0.00
1.93567,1.783,1.783,0.00
1.94588,1.795,1.795,0.00
1.95602,1.812,1.812,0.00
1.96648,1.812,1.812,0.00
1.97663,1.831,1.831,0.00
1.98752,1.831,1.831,0.00
1.99767,1.853,1.853,0.00
2.00783,1.853,1.883,0.00
2.01798,1.883,1.883,0.00
2.02813,1.883,1.883,0.00
2.03827,1.912,1.912,0.00
2.04841,1.912,1.912,0.00
2.05855,1.940,1.940,0.00
2.06870,1.940,1.940,0.00
2.07884,1.954,1.954,0.00
2.08899,1.954,1.954,0.00
2.09934,1.954,1.966,0.00
2.10951,1.966,1.966,0.00
2.11966,1.974,1.974,0.00
2.12980,1.974,1.974,0.00
2.13995,1.979,1.979,0.00
2.15015,1.979,1.979,0.00
2.16030,1.988,1.988,0.00
2.17046,1.988,2.006,0.00
2.18060,2.006,2.006,0.00
2.19075,2.006,2.006,0.00
2.20100,2.033,2.033,0.00
2.21118,2.033,2.062,0.00
2.22132,2.062,2.062,0.00
2.23157,2.062,2.084,0.00
2.24172,2.084,2.084,0.00
2.25188,2.084,2.111,0.00
2.26204,2.111,2.111,0.00
2.27217,2.111,2.142,0.00
2.28248,2.142,2.142,0.00
2.29263,2.142,2.170,0.00
2.30278,2.170,2.170,0.00
2.31294,2.170,2.197,0.00
2.32315,2.197,2.197,0.00
2.33332,2.197,2.218,0.00
2.34346,2.218,2.218,0.00
2.35363,2.218,2.235,0.00
2.36382,2.235,2.235,0.00
2.37397,2.252,2.252,0.00
2.38417,2.252,2.252,0.00
2.39433,2.268,2.268,0.00
2.40453,2.268,2.268,0.00
2.41468,2.283,2.283,0.00
2.42486,2.283,2.283,0.00
2.43500,2.295,2.295,0.00
2.44524,2.295,2.295,0.00
2.45540,2.311,2.311,0.00
2.46557,2.311,2.311,0.00
2.47572,2.324,2.324,0.00
2.48596,2.324,2.324,0.00
2.49604,2.336,2.336,0.00
2.50686,2.336,2.336,0.00
2.51702,2.349,2.349,0.00
2.52717,2.349,2.349,0.00
2.53759,2.354,2.354,0.00
2.54774,2.354,2.354,0.00
2.55789,2.352,2.352,0.00
2.56805,2.352,2.352,0.00
2.57820,2.345,2.345,0.00
2.58836,2.345,2.345,0.00
2.59851,2.336,2.336,0.00
2.60867,2.336,2.336,0.00
2.61885,2.332,2.332,0.00
2.62901,2.332,2.332,0.00
2.63918,2.331,2.331,0.00
2.65027,2.331,2.331,0.00
2.66043,2.323,2.323,0.00
2.67059,2.323,2.311,0.00
2.68074,2.311,2.311,0.00
2.69090,2.311,2.298,0.00
2.70121,2.298,2.298,0.00
2.71120,2.298,2.282,0.00
2.72135,2.282,2.282,0.00
2.73151,2.282,2.262,0.00
2.74165,2.262,2.262,0.00
2.75186,2.262,2.262,0.00
2.76201,2.245,2.245,0.00
2.77217,2.245,2.234,0.00
2.78231,2.234,2.234,0.00
2.79248,2.234,2.222,0.00
2.80262,2.222,2.222,0.00
2.81285,2.208,2.208,0.00
2.82300,2.208,2.208,0.00
2.83316,2.208,2.196,0.00
2.84331,2.196,2.196,0.00
2.85363,2.196,2.193,0.00
2.86376,2.193,2.193,0.00
2.87393,2.193,2.206,0.00
2.88412,2.206,2.206,0.00
2.89428,2.206,2.243,0.00
2.90448,2.243,2.243,0.00
2.91464,2.243,2.306,0.00
2.92483,2.306,2.306,0.00
2.93501,2.306,2.394,0.00
2.94523,2.394,2.394,0.00
2.95640,2.501,2.501,0.00
2.96748,2.501,2.501,0.00
2.97763,2.620,2.620,0.00
2.98875,2.620,2.620,0.00
2.99891,2.733,2.733,0.00
3.00916,2.733,2.733,0.00
3.01933,2.832,2.832,0.00
3.02950,2.832,2.900,0.00
3.03966,2.900,2.900,0.00
3.04983,2.900,2.900,0.00
3.05999,2.919,2.919,0.00
3.07014,2.919,2.890,0.00
3.08030,2.890,2.890,0.00
3.09045,2.890,2.826,0.00
3.10060,2.826,2.826,0.00
3.11076,2.826,2.756,0.00
3.12092,2.756,2.756,0.00
3.13107,2.756,2.704,0.00
3.14122,2.704,2.704,0.00
3.15138,2.704,2.673,0.00
3.16153,2.673,2.673,0.00
3.17169,2.673,2.646,0.00
3.18183,2.646,2.646,0.00
3.19199,2.646,2.618,0.00
3.20213,2.618,2.618,0.00
3.21230,2.618,2.586,0.00
3.22244,2.586,2.586,0.00
3.23260,2.586,2.559,0.00
3.24274,2.559,2.559,0.00
3.25290,2.559,2.540,0.00
3.26304,2.540,2.540,0.00
3.27321,2.536,2.536,0.00
3.28336,2.536,2.536,0.00
3.29352,2.529,2.529,0.00
3.30368,2.529,2.529,0.00
3.31383,2.529,2.506,0.00
3.32398,2.506,2.506,0.00
3.33415,2.506,2.469,0.00
3.34433,2.469,2.469,0.00
3.35450,2.469,2.436,0.00
3.36465,2.436,2.436,0.00
3.37482,2.436,2.432,0.00
3.38502,2.432,2.432,0.00
3.39521,2.432,2.458,0.00
3.40542,2.458,2.458,0.00
3.41560,2.458,2.506,0.00
3.42589,2.506,2.506,0.00
3.43606,2.506,2.566,0.00
3.44708,2.566,2.566,0.00
3.45725,2.614,2.614,0.00
3.46748,2.614,2.614,0.00
3.47766,2.614,2.637,0.00
3.48781,2.637,2.637,0.00
3.49798,2.638,2.638,0.00
3.50814,2.638,2.638,0.00
3.51831,2.630,2.630,0.00
3.52845,2.630,2.630,0.00
3.53863,2.627,2.627,0.00
3.54879,2.627,2.636,0.00
3.55896,2.636,2.636,0.00
3.56924,2.636,2.636,0.00
3.57941,2.660,2.660,0.00
3.58958,2.660,2.692,0.00
3.59974,2.692,2.692,0.00
3.60989,2.692,2.692,0.00
3.62007,2.719,2.719,0.00
3.63023,2.719,2.735,0.00
3.64040,2.735,2.735,0.00
3.65059,2.735,2.731,0.00
3.66092,2.731,2.731,0.00
3.67128,2.731,2.731,0.00
3.68143,2.731,2.716,0.00
3.69158,2.716,2.699,0.00
3.70174,2.699,2.699,0.00
3.71190,2.699,2.699,0.00
3.72208,2.691,2.691,0.00
3.73224,2.691,2.697,0.00
3.74240,2.697,2.697,0.00
3.75256,2.697,2.706,0.00
3.76273,2.706,2.706,0.00
3.77290,2.706,2.717,0.00
3.78304,2.717,2.717,0.00
3.79321,2.717,2.718,0.00
3.80336,2.718,2.718,0.00
3.81353,2.718,2.715,0.00
3.82368,2.715,2.715,0.00
3.83389,2.715,2.711,0.00
3.84406,2.711,2.711,0.00
3.85422,2.705,2.705,0.00
3.86443,2.705,2.705,0.00
3.87459,2.708,2.708,0.00
3.88478,2.708,2.708,0.00
3.89495,2.723,2.723,0.00
3.90516,2.723,2.723,0.00
3.91533,2.737,2.737,0.00
3.92552,2.737,2.737,0.00
3.93568,2.748,2.748,0.00
3.94648,2.748,2.748,0.00
3.95679,2.760,2.760,0.00
3.96732,2.760,2.760,0.00
3.97750,2.775,2.775,0.00
3.98769,2.775,2.775,0.00
3.99786,2.788,2.788,0.00
4.00876,2.788,2.788,0.00
4.01893,2.802,2.802,0.00
4.02917,2.802,2.802,0.00
4.03934,2.818,2.818,0.00
4.04951,2.818,2.833,0.00
4.05968,2.833,2.833,0.00
4.06984,2.833,2.850,0.00
4.08001,2.850,2.850,0.00
4.09020,2.850,2.867,0.00
4.10036,2.867,2.867,0.00
4.11053,2.867,2.881,0.00
4.12076,2.881,2.881,0.00
4.13111,2.881,2.904,0.00
4.14149,2.904,2.904,0.00
4.15185,2.937,2.937,0.00
4.16210,2.937,2.937,0.00
4.17255,2.937,2.975,0.00
4.18286,2.975,2.975,0.00
4.19329,2.975,3.008,0.00
4.20361,3.008,3.008,0.00
4.21406,3.008,3.029,0.00
4.22475,3.029,3.029,0.00
4.23491,3.039,3.039,0.00
4.24594,3.039,3.039,0.00
4.25611,3.050,3.050,0.00
4.26652,3.050,3.050,0.00
4.27663,3.063,3.063,0.00
4.28712,3.063,3.063,0.00
4.29722,3.073,3.073,0.00
4.30796,3.073,3.073,0.00
4.31815,3.075,3.075,0.00
4.32832,3.075,3.077,0.00
4.33862,3.077,3.077,0.00
4.34911,3.077,3.084,0.00
4.35941,3.084,3.084,0.00
4.36960,3.084,3.084,0.00
4.37980,3.098,3.098,0.00
4.39002,3.098,3.098,0.00
4.40018,3.098,3.111,0.00
4.41035,3.111,3.111,0.00
4.42053,3.126,3.126,0.00
4.43070,3.126,3.126,0.00
4.44087,3.126,3.126,0.00
4.45112,3.126,3.093,0.00
4.46129,3.093,3.093,0.00
4.47145,3.093,3.035,0.00
4.48160,3.035,3.035,0.00
4.49175,3.035,3.035,0.00
4.50198,2.959,2.959,0.00
4.51213,2.959,2.880,0.00
4.52228,2.880,2.880,0.00
4.53243,2.880,2.814,0.00
4.54259,2.814,2.814,0.00
4.55275,2.814,2.765,0.00
4.56292,2.765,2.765,0.00
4.57319,2.765,2.737,0.00
4.58335,2.737,2.737,0.00
4.59353,2.723,2.723,0.00
4.60367,2.723,2.723,0.00
4.61384,2.710,2.710,0.00
4.62404,2.710,2.710,0.00
4.63421,2.698,2.698,0.00
4.64441,2.698,2.698,0.00
4.65458,2.698,2.689,0.00
4.66566,2.689,2.689,0.00
4.67582,2.683,2.683,0.00
4.68611,2.683,2.683,0.00
4.69628,2.685,2.685,0.00
4.70693,2.685,2.685,0.00
4.71718,2.697,2.697,0.00
4.72772,2.697,2.697,0.00
4.73789,2.718,2.718,0.00
4.74858,2.718,2.718,0.00
4.75875,2.742,2.742,0.00
4.76892,2.742,2.768,0.00
4.77908,2.768,2.768,0.00
4.78926,2.768,2.768,0.00
4.79945,2.794,2.794,0.00
4.80962,2.794,2.794,0.00
4.81978,2.830,2.830,0.00
4.82996,2.830,2.830,0.00
4.84014,2.874,2.874,0.00
4.85032,2.874,2.874,0.00
4.86048,2.925,2.925,0.00
4.87066,2.925,2.978,0.00
4.88083,2.978,2.978,0.00
4.89100,2.978,3.032,0.00
4.90120,3.032,3.032,0.00
4.91137,3.032,3.089,0.00
4.92152,3.089,3.089,0.00
4.93171,3.089,3.139,0.00
4.94187,3.139,3.139,0.00
4.95204,3.139,3.170,0.00
4.96230,3.170,3.170,0.00
4.97262,3.177,3.177,0.00
4.98293,3.177,3.177,0.00
4.99336,3.163,3.163,0.00
5.00351,3.163,3.163,0.00
5.01398,3.142,3.142,0.00
5.02470,3.142,3.142,0.00
5.03487,3.123,3.123,0.00
5.04516,3.123,3.123,0.00
5.05534,3.114,3.114,0.00
5.06572,3.114,3.114,0.00
5.07608,3.110,3.110,0.00
5.08703,3.110,3.110,0.00
5.09720,3.102,3.102,0.00
5.10762,3.102,3.102,0.00
5.11778,3.088,3.088,0.00
5.12829,3.088,3.088,0.00
5.13845,3.064,3.064,0.00
5.14862,3.064,3.024,0.00
5.15881,3.024,3.024,0.00
5.16963,3.024,2.972,0.00
5.17980,2.972,2.972,0.00
5.18996,2.972,2.917,0.00
5.20015,2.917,2.917,0.00
5.21138,2.917,2.917,0.00
5.22157,2.866,2.866,0.00
5.23173,2.866,2.829,0.00
5.24187,2.829,2.829,0.00
5.25218,2.829,2.809,0.00
5.26248,2.809,2.809,0.00
5.27287,2.809,2.810,0.00
5.28326,2.810,2.810,0.00
5.29370,2.810,2.825,0.00
5.30405,2.825,2.825,0.00
5.31454,2.825,2.825,0.00
5.32569,2.838,2.838,0.00
5.33586,2.832,2.832,0.00
5.34658,2.832,2.832,0.00
5.35675,2.805,2.805,0.00
5.36739,2.805,2.805,0.00
5.37756,2.773,2.773,0.00
5.38814,2.773,2.773,0.00
5.39830,2.751,2.751,0.00
5.40845,2.751,2.751,0.00
5.41862,2.751,2.751,0.00
5.42878,2.749,2.749,0.00
5.43896,2.764,2.764,0.00
5.44914,2.764,2.764,0.00
5.45931,2.789,2.789,0.00
5.46948,2.789,2.789,0.00
5.47966,2.814,2.814,0.00
5.48984,2.814,2.814,0.00
5.50001,2.839,2.839,0.00
5.51017,2.839,2.839,0.00
5.52033,2.860,2.860,0.00
5.53051,2.860,2.860,0.00
5.54069,2.877,2.877,0.00
5.55085,2.877,2.877,0.00
5.56102,2.887,2.887,0.00
5.57118,2.887,2.887,0.00
5.58136,2.897,2.897,0.00
5.59153,2.897,2.906,0.00
5.60169,2.906,2.906,0.00
5.61186,2.906,2.921,0.00
5.62201,2.921,2.921,0.00
5.63218,2.921,2.942,0.00
5.64263,2.942,2.942,0.00
5.65281,2.942,2.960,0.00
5.66298,2.960,2.960,0.00
5.67317,2.960,2.967,0.00
5.68332,2.967,2.967,0.00
5.69350,2.967,2.964,0.00
5.70366,2.964,2.964,0.00
5.71383,2.964,2.951,0.00
5.72399,2.951,2.951,0.00
5.73417,2.951,2.938,0.00
5.74431,2.938,2.938,0.00
5.75450,2.938,2.925,0.00
5.76465,2.925,2.925,0.00
5.77481,2.925,2.910,0.00
5.78500,2.910,2.910,0.00
5.79516,2.910,2.889,0.00
5.80537,2.889,2.889,0.00
5.81553,2.869,2.869,0.00
5.82579,2.869,2.869,0.00
5.83593,2.852,2.852,0.00
5.84609,2.852,2.852,0.00
5.85624,2.837,2.837,0.00
5.86645,2.837,2.837,0.00
5.87661,2.825,2.825,0.00
5.88747,2.825,2.825,0.00
5.89762,2.811,2.811,0.00
5.90827,2.811,2.811,0.00
5.91844,2.796,2.796,0.00
5.92898,2.796,2.796,0.00
5.93914,2.780,2.780,0.00
5.94929,2.780,2.766,0.00
5.95944,2.766,2.766,0.00
5.96980,2.766,2.766,0.00
5.97996,2.756,2.756,0.00
5.99026,2.756,2.745,0.00
6.00038,2.745,2.745,0.00
6.01055,2.745,2.745,0.00
6.02071,2.740,2.740,0.00
6.03088,2.740,2.740,0.00
6.04104,2.735,2.735,0.00
6.05119,2.735,2.728,0.00
6.06133,2.728,2.728,0.00
6.07150,2.728,2.728,0.00
6.08166,2.723,2.723,0.00
6.09181,2.723,2.712,0.00
6.10196,2.712,2.712,0.00
6.11210,2.712,2.694,0.00
6.12225,2.694,2.694,0.00
6.13242,2.694,2.694,0.00
6.14258,2.680,2.680,0.00
6.15283,2.680,2.670,0.00
6.16303,2.670,2.670,0.00
6.17328,2.664,2.664,0.00
6.18343,2.664,2.664,0.00
6.19359,2.665,2.665,0.00
6.20374,2.665,2.665,0.00
6.21388,2.671,2.671,0.00
6.22403,2.671,2.671,0.00
6.23437,2.671,2.671,0.00
6.24458,2.666,2.666,0.00
6.25472,2.658,2.658,0.00
6.26590,2.658,2.658,0.00
6.27606,2.652,2.652,0.00
6.28667,2.652,2.652,0.00
6.29682,2.648,2.648,0.00
6.30741,2.648,2.648,0.00
6.31757,2.647,2.647,0.00
6.32789,2.647,2.647,0.00
6.33828,2.646,2.646,0.00
6.34845,2.646,2.646,0.00
6.35861,2.638,2.638,0.00
6.36877,2.638,2.638,0.00
6.37892,2.627,2.627,0.00
6.38918,2.627,2.627,0.00
6.39935,2.617,2.617,0.00
6.40951,2.617,2.617,0.00
6.41967,2.609,2.609,0.00
6.42984,2.609,2.609,0.00
6.44000,2.602,2.602,0.00
6.45018,2.602,2.602,0.00
6.46033,2.597,2.597,0.00
6.47049,2.597,2.595,0.00
6.48064,2.595,2.595,0.00
6.49081,2.595,2.591,0.00
6.50095,2.591,2.591,0.00
6.51110,2.591,2.587,0.00
6.52126,2.587,2.587,0.00
6.53144,2.587,2.582,0.00
6.54185,2.582,2.582,0.00
6.55200,2.582,2.582,0.00
6.56214,2.580,2.580,0.00
6.57231,2.580,2.585,0.00
6.58245,2.585,2.585,0.00
6.59260,2.585,2.593,0.00
6.60274,2.593,2.593,0.00
6.61291,2.593,2.605,0.00
6.62306,2.605,2.605,0.00
6.63323,2.605,2.613,0.00
6.64338,2.613,2.613,0.00
6.65357,2.621,2.621,0.00
6.66382,2.621,2.621,0.00
6.67397,2.629,2.629,0.00
6.68422,2.629,2.629,0.00
6.69438,2.640,2.640,0.00
6.70464,2.640,2.640,0.00
6.71480,2.655,2.655,0.00
6.72641,2.655,2.655,0.00
6.73663,2.663,2.663,0.00
6.74705,2.663,2.663,0.00
6.75724,2.669,2.669,0.00
6.76740,2.669,2.669,0.00
6.77758,2.671,2.671,0.00
6.78791,2.671,2.671,0.00
6.79808,2.670,2.670,0.00
6.80834,2.670,2.670,0.00
6.81851,2.660,2.660,0.00
6.82924,2.660,2.660,0.00
6.83941,2.652,2.652,0.00
6.85001,2.652,2.652,0.00
6.86018,2.647,2.647,0.00
6.87035,2.647,2.644,0.00
6.88052,2.644,2.644,0.00
6.89068,2.644,2.645,0.00
6.90085,2.645,2.645,0.00
6.91101,2.645,2.645,0.00
6.92124,2.645,2.645,0.00
6.93141,2.645,2.644,0.00
6.94156,2.644,2.644,0.00
6.95175,2.644,2.644,0.00
6.96191,2.645,2.645,0.00
6.97206,2.646,2.646,0.00
6.98222,2.646,2.646,0.00
6.99254,2.646,2.646,0.00
7.00282,2.646,2.646,0.00
7.01325,2.644,2.644,0.00
7.02364,2.644,2.644,0.00
7.03394,2.645,2.645,0.00
7.04412,2.645,2.645,0.00
7.05430,2.645,2.645,0.00
7.06450,2.649,2.649,0.00
7.07471,2.649,2.654,0.00
7.08492,2.654,2.654,0.00
7.09509,2.654,2.659,0.00
7.10530,2.659,2.659,0.00
7.11546,2.659,2.666,0.00
7.12563,2.666,2.666,0.00
7.13579,2.666,2.675,0.00
7.14600,2.675,2.675,0.00
7.15617,2.675,2.684,0.00
7.16633,2.684,2.684,0.00
7.17649,2.693,2.693,0.00
7.18665,2.693,2.693,0.00
7.19681,2.699,2.699,0.00
7.20697,2.699,2.699,0.00
7.21715,2.703,2.703,0.00
7.22735,2.703,2.703,0.00
7.23753,2.706,2.706,0.00
7.24789,2.706,2.706,0.00
7.25807,2.709,2.709,0.00
7.26824,2.709,2.712,0.00
7.27840,2.712,2.712,0.00
7.28857,2.712,2.712,0.00
7.29873,2.717,2.717,0.00
7.30889,2.717,2.717,0.00
7.31906,2.719,2.719,0.00
7.32945,2.719,2.719,0.00
7.33962,2.727,2.727,0.00
7.34980,2.727,2.739,0.00
7.35997,2.739,2.739,0.00
7.37014,2.739,2.739,0.00
7.38030,2.743,2.743,0.00
7.39047,2.743,2.743,0.00
7.40064,2.746,2.746,0.00
7.41082,2.746,2.746,0.00
7.42119,2.754,2.754,0.00
7.43136,2.754,2.754,0.00
7.44152,2.765,2.765,0.00
7.45168,2.765,2.782,0.00
7.46185,2.782,2.782,0.00
7.47202,2.782,2.807,0.00
7.48217,2.807,2.807,0.00
7.49236,2.807,2.837,0.00
7.50253,2.837,2.837,0.00
7.51268,2.837,2.874,0.00
7.52285,2.874,2.874,0.00
7.53317,2.919,2.919,0.00
7.54333,2.919,2.919,0.00
7.55351,2.967,2.967,0.00
7.56369,2.967,2.967,0.00
7.57385,3.013,3.013,0.00
7.58415,3.013,3.013,0.00
7.59445,3.051,3.051,0.00
7.60500,3.051,3.051,0.00
7.61517,3.090,3.090,0.00
7.62545,3.090,3.090,0.00
7.63563,3.090,3.134,0.00
7.64576,3.134,3.134,0.00
7.65592,3.134,3.195,0.00
7.66604,3.195,3.195,0.00
7.67621,3.195,3.279,0.00
7.68648,3.279,3.279,0.00
7.69665,3.279,3.365,0.00
7.70693,3.365,3.365,0.00
7.71719,3.365,3.449,0.00
7.72734,3.449,3.449,0.00
7.73752,3.554,3.554,0.00
7.74769,3.554,3.554,0.00
7.75786,3.710,3.710,0.00
7.76813,3.710,3.710,0.00
7.77830,3.710,3.885,0.00
7.78846,3.885,3.885,0.00
7.79864,4.100,4.100,0.00
7.80880,4.100,4.100,0.00
7.81897,4.322,4.322,0.00
7.82923,4.322,4.322,0.00
7.83937,4.560,4.560,0.00
7.84955,4.560,4.560,0.00
7.85972,4.850,4.850,0.00
7.86996,4.850,4.850,0.00
7.88011,5.200,5.200,0.00
7.89027,5.200,5.611,0.00
7.90045,5.611,5.611,0.00
7.91061,5.611,6.062,0.00
7.92094,6.062,6.062,0.00
7.93111,6.062,6.530,0.00
7.94128,6.530,6.530,0.00
7.95145,6.530,7.030,0.00
7.96161,7.030,7.030,0.00
7.97178,7.030,7.527,0.00
7.98197,7.527,7.527,0.00
7.99225,7.527,8.022,0.00
8.00242,8.022,8.022,0.00
8.01259,8.022,8.022,0.00
8.02273,8.514,8.514,0.00
8.03290,8.514,8.952,0.00
8.04304,8.952,8.952,0.00
8.05323,8.952,9.440,0.00
8.06338,9.440,9.440,0.00
8.07355,9.440,9.890,0.00
8.08370,9.890,9.890,0.00
8.09934,9.890,10.316,0.00
8.10953,10.316,10.316,0.00
8.11969,10.713,10.713,0.00
8.13168,10.713,10.713,29.00
8.14180,11.100,11.100,29.00
8.15196,11.100,11.497,29.00
8.16339,11.497,11.497,29.00
8.17357,11.497,11.970,29.00
8.18376,11.970,11.970,29.00
8.21132,11.970,12.519,29.00
8.22149,13.107,13.107,29.00
8.24336,13.107,13.107,29.00
8.25355,13.685,14.264,29.00
8.27525,14.264,14.264,29.00
8.28549,14.851,14.851,29.00
8.30747,15.386,15.386,29.00
8.31766,15.386,15.853,29.00
8.32785,15.853,15.853,29.00
8.33960,15.853,16.278,29.00
8.34992,16.278,16.671,29.00
8.36023,16.671,16.671,29.00
8.37156,16.671,16.671,29.00
8.38172,17.052,17.052,29.00
8.39187,17.052,17.383,29.00
8.40371,17.383,17.383,29.00
8.41391,17.383,17.672,29.00
8.42415,17.672,17.672,29.00
8.43558,17.672,17.672,29.00
8.44695,17.909,17.909,29.00
8.45719,18.094,18.094,29.00
8.46761,18.094,18.094,29.00
8.47778,18.246,18.246,29.00
8.48794,18.246,18.246,29.00
8.51572,18.389,18.389,29.00
8.52593,18.538,18.538,29.00
8.54852,18.538,18.538,29.00
8.55874,18.790,18.790,29.00
8.57977,18.790,18.851,29.00
8.59032,18.851,18.908,29.00
8.61251,18.908,18.991,29.00
8.62266,18.991,18.991,29.00
8.64602,19.075,19.075,29.00
8.65631,19.147,19.147,29.00
8.66659,19.147,19.147,29.00
8.67678,19.147,19.211,29.00
8.68694,19.211,19.211,29.00
8.69738,19.211,19.241,29.00
8.70941,19.241,19.241,29.00
8.71958,19.261,19.261,29.00
8.72974,19.261,19.277,29.00
8.73991,19.277,19.277,29.00
8.75029,19.277,19.313,29.00
8.76058,19.313,19.313,29.00
8.77224,19.313,19.313,29.00
8.78240,19.367,19.367,29.00
8.79259,19.367,19.367,29.00
8.81941,19.367,19.407,29.00
8.82960,19.464,19.464,29.00
8.85134,19.464,19.542,29.00
8.86151,19.626,19.626,29.00
8.88347,19.626,19.703,29.00
8.89367,19.703,19.738,29.00
8.91528,19.738,19.738,29.00
8.92641,19.744,19.744,29.00
8.94921,19.736,19.736,29.00
8.95937,19.726,19.726,29.00
8.97925,19.726,19.705,29.00
8.98944,19.705,19.705,29.00
8.99962,19.633,19.633,29.00
9.01129,19.633,19.633,29.00
9.02146,19.547,19.547,29.00
9.03162,19.547,19.469,29.00
9.04327,19.469,19.469,29.00
9.05345,19.469,19.391,29.00
9.06360,19.391,19.391,29.00
9.07584,19.391,19.344,29.00
9.08599,19.344,19.344,29.00
9.09615,19.321,19.321,29.00
9.10752,19.321,19.321,29.00
9.11769,19.321,19.321,29.00
9.12783,19.321,19.321,29.00
9.15542,19.349,19.349,29.00
9.16557,19.412,19.412,29.00
9.18815,19.500,19.587,29.00
9.19832,19.587,19.587,29.00
9.21981,19.587,19.679,29.00
9.22996,19.679,19.781,29.00
9.25197,19.781,19.905,29.00
9.26212,19.905,19.905,29.00
9.28413,20.053,20.053,29.00
9.29434,20.188,20.188,29.00
9.30487,20.188,20.188,29.00
9.31556,20.188,20.303,29.00
9.32662,20.303,20.303,29.00
9.33678,20.400,20.400,29.00
9.34779,20.400,20.400,29.00
9.35798,20.400,20.502,29.00
9.36814,20.502,20.502,29.00
9.37939,20.502,20.597,29.00
9.38956,20.597,20.662,29.00
9.39972,20.662,20.662,29.00
9.41137,20.662,20.662,29.00
9.42154,20.711,20.711,29.00
9.43170,20.711,20.742,29.00
9.44364,20.742,20.742,29.00
9.45382,20.742,20.763,29.00
9.46398,20.763,20.763,29.00
9.49136,20.763,20.780,29.00
9.50154,20.796,20.796,29.00
9.52338,20.796,20.796,29.00
9.53357,20.822,20.839,29.00
9.55516,20.839,20.839,29.00
9.56534,20.872,20.872,29.00
9.58753,20.872,20.927,29.00
9.59770,20.980,20.980,29.00
9.61928,20.980,20.980,29.00
9.62946,21.031,21.031,29.00
9.63961,21.080,21.080,29.00
9.65127,21.080,21.080,29.00
9.66142,21.156,21.156,29.00
9.67157,21.156,21.258,29.00
9.68348,21.258,21.258,29.00
9.69382,21.258,21.360,29.00
9.70415,21.360,21.360,29.00
9.71543,21.360,21.360,29.00
9.72569,21.465,21.465,29.00
9.73585,21.465,21.560,29.00
9.74806,21.560,21.560,29.00
9.75815,21.560,21.664,29.00
9.76830,21.664,21.664,29.00
9.79540,21.774,21.774,29.00
9.80562,21.882,21.882,29.00
9.82746,21.882,21.882,29.00
9.83764,22.074,22.074,29.00
9.85925,22.074,22.074,29.00
9.86943,22.168,22.168,29.00
9.89154,22.272,22.272,29.00
9.90171,22.377,22.377,29.00
9.92321,22.377,22.465,29.00
9.93340,22.465,22.518,29.00
9.95529,22.518,22.518,29.00
9.96558,22.557,22.557,29.00
9.97585,22.557,22.586,29.00
9.98729,22.586,22.586,29.00
9.99745,22.586,22.599,29.00
10.00772,22.599,22.599,29.00
10.01932,22.599,22.599,29.00
10.02951,22.601,22.601,29.00
10.03967,22.575,22.575,29.00
10.05158,22.575,22.575,29.00
10.06177,22.535,22.535,29.00
10.07192,22.535,22.535,29.00
10.08338,22.483,22.483,29.00
10.09356,22.483,22.483,29.00
10.10369,22.435,22.435,29.00
10.11596,22.435,22.382,29.00
10.12614,22.382,22.382,29.00
10.13630,22.332,22.332,29.00
10.16337,22.332,22.332,29.00
10.17355,22.279,22.215,29.00
10.18382,22.215,22.215,0.00
10.19399,22.215,22.177,0.00
10.20424,22.177,22.177,0.00
10.21439,22.177,22.167,0.00
10.22453,22.167,22.167,0.00
10.23468,22.167,22.161,0.00
10.24498,22.161,22.161,0.00
10.25514,22.110,22.110,0.00
10.26539,22.110,22.110,0.00
10.27554,21.952,21.952,0.00
10.28585,21.952,21.952,0.00
10.29628,21.676,21.676,0.00
10.30656,21.676,21.676,0.00
10.31671,21.676,21.374,0.00
10.32686,21.374,21.374,0.00
10.33701,21.374,21.064,0.00
10.34716,21.064,21.064,0.00
10.35732,20.715,20.715,0.00
10.36747,20.715,20.350,0.00
10.37763,20.350,20.350,0.00
10.38778,20.350,20.037,0.00
10.39791,20.037,20.037,0.00
10.40806,20.037,19.779,0.00
10.41827,19.779,19.779,0.00
10.42859,19.779,19.779,0.00
10.43872,19.779,19.577,0.00
10.44887,19.577,19.577,0.00
10.45902,19.449,19.449,0.00
10.46918,19.449,19.449,0.00
10.47933,19.414,19.414,0.00
10.48955,19.414,19.414,0.00
10.49969,19.430,19.430,0.00
10.50985,19.430,19.430,0.00
10.51999,19.420,19.420,0.00
10.53014,19.420,19.420,0.00
10.54027,19.359,19.359,0.00
10.55042,19.359,19.359,0.00
10.56056,19.283,19.283,0.00
10.57071,19.283,19.180,0.00
10.58085,19.180,19.180,0.00
10.59099,19.180,19.033,0.00
10.60152,19.033,19.033,0.00
10.61194,18.849,18.849,0.00
10.62207,18.849,18.849,0.00
10.63222,18.849,18.640,0.00
10.64235,18.640,18.640,0.00
10.65249,18.640,18.415,0.00
10.66266,18.415,18.415,0.00
10.67281,18.415,18.172,0.00
10.68297,18.172,18.172,0.00
10.69313,18.172,17.924,0.00
10.70328,17.924,17.924,0.00
10.71343,17.924,17.690,0.00
10.72369,17.690,17.690,0.00
10.73383,17.453,17.453,0.00
10.74408,17.453,17.453,0.00
10.75423,17.199,17.199,0.00
10.76448,17.199,17.199,0.00
10.77464,16.939,16.939,0.00
10.78490,16.939,16.939,0.00
10.79504,16.688,16.688,0.00
10.80547,16.688,16.688,0.00
10.81562,16.475,16.475,0.00
10.82579,16.475,16.475,0.00
10.83594,16.273,16.273,0.00
10.84615,16.273,16.273,0.00
10.85634,16.059,16.059,0.00
10.86648,16.059,16.059,0.00
10.87662,15.820,15.820,0.00
10.88688,15.820,15.820,0.00
10.89703,15.553,15.553,0.00
10.90716,15.553,15.553,0.00
10.91757,15.259,15.259,0.00
10.92776,15.259,15.259,0.00
10.93792,14.942,14.942,0.00
10.94806,14.942,14.942,0.00
10.95821,14.600,14.600,0.00
10.96835,14.600,14.600,0.00
10.97850,14.233,14.233,0.00
10.98867,14.233,14.233,0.00
10.99880,13.847,13.847,0.00
11.00895,13.847,13.847,0.00
11.01909,13.466,13.466,0.00
11.02926,13.466,13.466,0.00
11.03939,13.093,13.093,0.00
11.04954,13.093,13.093,0.00
11.05969,12.746,12.746,0.00
11.06985,12.746,12.426,0.00
11.07999,12.426,12.426,0.00
11.09014,12.426,12.115,0.00
11.10027,12.115,12.115,0.00
11.11052,12.115,11.821,0.00
11.12065,11.821,11.821,0.00
11.13080,11.821,11.563,0.00
11.14095,11.563,11.563,0.00
11.15139,11.563,11.333,0.00
11.16156,11.333,11.333,0.00
11.17171,11.333,11.103,0.00
11.18180,11.103,11.103,0.00
11.19195,11.103,10.865,0.00
11.20209,10.865,10.865,0.00
11.21223,10.865,10.865,0.00
11.22237,10.630,10.630,0.00
11.23252,10.630,10.413,0.00
11.24266,10.413,10.413,0.00
11.25285,10.413,10.413,0.00
11.26298,10.237,10.237,0.00
11.27314,10.237,10.101,0.00
11.28329,10.101,10.101,0.00
11.29344,10.101,9.983,0.00
11.30359,9.983,9.983,0.00
11.31375,9.983,9.878,0.00
11.32400,9.878,9.878,0.00
11.33415,9.796,9.796,0.00
11.34428,9.796,9.796,0.00
11.35562,9.796,9.796,0.00
11.36696,9.737,9.737,0.00
11.37713,9.691,9.691,0.00
11.38842,9.691,9.691,0.00
11.39856,9.653,9.653,0.00
11.40998,9.653,9.653,0.00
11.42013,9.630,9.630,0.00
11.43028,9.630,9.611,0.00
11.44041,9.611,9.611,0.00
11.45055,9.611,9.582,0.00
11.46069,9.582,9.582,0.00
11.47101,9.582,9.582,0.00
11.48123,9.525,9.525,0.00
11.49139,9.525,9.525,0.00
11.50154,9.549,9.549,0.00
11.51169,9.549,9.549,0.00
11.52183,9.626,9.626,0.00
11.53199,9.626,9.626,0.00
11.54215,9.767,9.767,0.00
11.55231,9.767,9.947,0.00
11.56246,9.947,9.947,0.00
11.57261,9.947,10.171,0.00
11.58275,10.171,10.171,0.00
11.59291,10.171,10.463,0.00
11.60306,10.463,10.463,0.00
11.61323,10.463,10.800,0.00
11.62338,10.800,10.800,0.00
11.63354,10.800,11.158,0.00
11.64369,11.158,11.158,0.00
11.65386,11.158,11.559,0.00
11.66400,11.559,11.559,0.00
11.67415,11.559,12.007,0.00
11.68436,12.007,12.007,0.00
11.69452,12.486,12.486,0.00
11.70467,12.486,12.486,0.00
11.71494,12.486,12.976,0.00
11.72520,12.976,12.976,0.00
11.73538,12.976,13.476,0.00
11.74555,13.476,13.476,0.00
11.75569,13.476,13.983,0.00
11.76585,13.983,13.983,0.00
11.77599,13.983,14.489,0.00
11.78615,14.489,14.489,0.00
11.79630,15.000,15.000,0.00
11.80648,15.000,15.000,0.00
11.81663,15.528,15.528,0.00
11.82681,15.528,15.528,0.00
11.83696,16.061,16.061,0.00
11.84721,16.061,16.061,0.00
11.85737,16.606,16.606,0.00
11.86753,16.606,16.606,0.00
11.87768,17.146,17.146,0.00
11.88785,17.146,17.654,0.00
11.89801,17.654,17.654,0.00
11.90816,17.654,18.142,0.00
11.91831,18.142,18.142,0.00
11.92847,18.142,18.142,0.00
11.93864,18.142,18.643,0.00
11.94879,18.643,18.643,0.00
11.95896,19.176,19.176,0.00
11.96914,19.176,19.176,0.00
11.97930,19.176,19.725,0.00
11.98947,19.725,19.725,0.00
11.99963,20.264,20.264,0.00
12.00979,20.264,20.264,0.00
12.01995,20.772,20.772,0.00
12.03009,20.772,20.772,0.00
12.04024,21.233,21.233,0.00
12.05039,21.233,21.233,0.00
12.06054,21.679,21.679,0.00
12.07068,21.679,21.679,0.00
12.08082,22.109,22.109,0.00
12.09097,22.109,22.518,0.00
12.10120,22.518,22.518,0.00
12.11136,22.518,22.880,0.00
12.12150,22.880,22.880,0.00
12.13165,22.880,23.156,0.00
12.14179,23.156,23.156,0.00
12.15194,23.156,23.415,0.00
12.16209,23.415,23.415,0.00
12.17230,23.415,23.415,0.00
12.18274,23.647,23.647,0.00
12.19291,23.647,23.850,0.00
12.20308,23.850,23.850,0.00
12.21326,23.850,23.850,0.00
12.22343,23.978,23.978,0.00
12.23357,23.978,24.028,0.00
12.24372,24.028,24.028,0.00
12.25388,24.028,24.002,0.00
12.26405,24.002,24.002,0.00
12.27421,24.002,23.902,0.00
12.28438,23.902,23.902,0.00
12.29455,23.722,23.722,0.00
12.30472,23.722,23.722,0.00
12.31487,23.474,23.474,0.00
12.32503,23.474,23.474,0.00
12.33516,23.172,23.172,0.00
12.34530,23.172,23.172,0.00
12.35546,22.835,22.835,0.00
12.36561,22.835,22.835,0.00
12.37577,22.497,22.497,0.00
12.38595,22.497,22.497,0.00
12.39610,22.156,22.156,0.00
12.40657,22.156,22.156,0.00
12.41684,21.806,21.806,0.00
12.42761,21.806,21.806,0.00
12.43777,21.806,21.489,0.00
12.44793,21.489,21.489,0.00
12.45809,21.243,21.243,0.00
12.46825,21.243,21.052,0.00
12.47840,21.052,21.052,0.00
12.48856,21.052,21.052,0.00
12.49871,20.925,20.925,0.00
12.50886,20.925,20.925,0.00
12.51902,20.868,20.868,0.00
12.52918,20.868,20.840,0.00
12.53933,20.840,20.840,0.00
12.54949,20.840,20.835,0.00
12.55963,20.835,20.835,0.00
12.56978,20.835,20.805,0.00
12.58014,20.805,20.805,0.00
12.59029,20.805,20.805,0.00
12.60048,20.772,20.772,0.00
12.61078,20.772,20.772,0.00
12.62095,20.738,20.738,0.00
12.63111,20.738,20.738,0.00
12.64128,20.686,20.686,0.00
12.65143,20.686,20.686,0.00
12.66159,20.615,20.615,0.00
12.67177,20.615,20.514,0.00
12.68194,20.514,20.514,0.00
12.69210,20.514,20.383,0.00
12.70225,20.383,20.383,0.00
12.71241,20.383,20.249,0.00
12.72257,20.249,20.249,0.00
12.73272,20.249,20.132,0.00
12.74287,20.132,20.132,0.00
12.75302,20.132,20.033,0.00
12.76317,20.033,20.033,0.00
12.77333,19.950,19.950,0.00
12.78348,19.950,19.950,0.00
12.79364,19.950,19.864,0.00
12.80694,19.950,19.864,0.00
12.81749,19.864,19.778,0.00
12.82813,19.778,19.778,0.00
12.84459,19.778,19.712,0.00
12.86629,19.638,19.638,0.00
12.87668,19.638,19.569,0.00
12.89747,19.569,19.569,0.00
12.90818,19.569,19.503,0.00
12.91871,19.503,19.503,0.00
12.92930,19.503,19.427,0.00
12.94556,19.427,19.327,0.00
12.95609,19.327,19.327,0.00
12.97182,19.208,19.044,0.00
12.98221,19.044,19.044,0.00
12.99259,19.044,19.044,0.00
13.00283,19.044,19.044,0.00
13.01350,19.044,18.833,0.00
13.02403,18.833,18.600,0.00
13.03456,18.600,18.600,0.00
13.04543,18.600,18.369,0.00
13.05601,18.369,18.369,0.00
13.06766,18.369,18.115,0.00
13.07821,18.115,17.846,0.00
13.08877,17.846,17.846,0.00
13.11610,17.594,17.594,0.00
13.12799,17.594,17.364,0.00
13.13854,17.364,17.364,0.00
13.14926,17.364,17.133,0.00
13.15982,17.133,16.927,0.00
13.17045,16.927,16.927,0.00
13.18100,16.927,16.927,0.00
13.19172,16.927,16.753,0.00
13.20227,16.753,16.577,0.00
13.21850,16.577,16.577,0.00
13.22869,16.577,16.577,0.00
13.23921,16.577,16.398,0.00
13.26025,16.235,16.096,0.00
13.27081,16.096,16.096,0.00
13.28139,16.096,15.964,0.00
13.29194,15.964,15.964,0.00
13.30248,15.964,15.822,0.00
13.31334,15.822,15.822,0.00
13.32903,15.666,15.666,0.00
13.33967,15.666,15.494,0.00
13.35615,15.494,15.302,0.00
13.36677,15.302,15.302,0.00
13.37731,15.302,15.302,0.00
13.38793,15.302,15.101,0.00
13.39868,15.101,15.101,0.00
13.40902,15.101,14.917,0.00
13.41941,14.917,14.917,0.00
13.43978,14.755,14.617,0.00
13.45041,14.617,14.617,0.00
13.46127,14.617,14.617,0.00
13.47686,14.517,14.517,0.00
13.48722,14.517,14.433,0.00
13.49775,14.433,14.433,0.00
13.50849,14.433,14.344,0.00
13.51880,14.344,14.261,0.00
13.53440,14.261,14.261,0.00
13.54474,14.261,14.175,0.00
13.56076,14.175,14.175,0.00
13.57633,14.073,14.073,0.00
13.58763,14.073,13.961,0.00
13.59818,13.961,13.846,0.00
13.60882,13.846,13.846,0.00
13.61936,13.846,13.846,0.00
13.63008,13.846,13.727,0.00
13.64062,13.727,13.602,0.00
13.65125,13.602,13.602,0.00
13.66693,13.486,13.486,0.00
13.67758,13.486,13.368,0.00
13.68782,13.486,13.368,0.00
13.69876,13.368,13.368,0.00
13.70945,13.368,13.250,0.00
13.72036,13.250,13.250,0.00
13.73122,13.250,13.143,0.00
13.74178,13.143,13.050,0.00
13.75265,13.050,13.050,0.00
13.76296,13.050,12.965,0.00
13.78316,12.965,12.882,0.00
13.79382,12.882,12.882,0.00
13.86870,12.882,12.793,0.00
13.87894,12.501,12.501,0.00
13.89238,12.501,12.501,0.00
13.90272,-3.383,-3.383,0.00
13.91296,-3.383,-3.383,0.00
13.92320,-3.383,-3.438,0.00
13.93336,-3.438,-3.489,0.00
13.94360,-3.489,-3.489,0.00
13.95383,-3.489,-3.536,0.00
13.96398,-3.536,-3.536,0.00
13.97412,-3.536,-3.574,0.00
13.98425,-3.574,-3.574,0.00
13.99440,-3.574,-3.599,0.00
14.00464,-3.599,-3.599,0.00
14.01496,-3.599,-3.616,0.00
14.02522,-3.616,-3.616,0.00
14.03539,-3.616,-3.628,0.00
14.04670,-3.628,-3.628,0.00
14.05695,-3.643,-3.643,0.00
14.06755,-3.643,-3.643,0.00
14.07770,-3.662,-3.662,0.00
14.08865,-3.662,-3.662,0.00
14.09885,-3.690,-3.690,0.00
14.10900,-3.690,-3.690,0.00
14.11918,-3.747,-3.747,0.00
14.12936,-3.747,-3.747,0.00
14.13954,-3.843,-3.843,0.00
14.14971,-3.843,-3.843,0.00
14.15987,-3.977,-3.977,0.00
14.17002,-3.977,-4.126,0.00
14.18017,-4.126,-4.126,0.00
14.19032,-4.126,-4.259,0.00
14.20047,-4.259,-4.259,0.00
14.21063,-4.259,-4.414,0.00
14.22079,-4.414,-4.414,0.00
14.23095,-4.414,-4.579,0.00
14.24128,-4.579,-4.579,0.00
14.25142,-4.579,-4.736,0.00
14.26156,-4.736,-4.736,0.00
14.27171,-4.736,-4.869,0.00
14.28185,-4.869,-4.869,0.00
14.29201,-4.869,-4.971,0.00
14.30215,-4.971,-4.971,0.00
14.31236,-4.971,-5.052,0.00
14.32251,-5.052,-5.052,0.00
14.33266,-5.108,-5.108,0.00
14.34280,-5.108,-5.108,0.00
14.35300,-5.108,-5.119,0.00
14.36314,-5.119,-5.119,0.00
14.37332,-5.119,-5.092,0.00
14.38346,-5.092,-5.092,0.00
14.39361,-5.092,-5.040,0.00
14.40388,-5.040,-5.040,0.00
14.41406,-4.962,-4.962,0.00
14.42430,-4.962,-4.962,0.00
14.43448,-4.852,-4.852,0.00
14.44602,-4.852,-4.852,0.00
14.45615,-4.698,-4.698,0.00
14.46629,-4.698,-4.698,0.00
14.47644,-4.511,-4.511,0.00
14.48670,-4.511,-4.511,0.00
14.49685,-4.294,-4.294,0.00
14.50700,-4.294,-4.294,0.00
14.51716,-4.057,-4.057,0.00
14.52741,-4.057,-4.057,0.00
14.53759,-3.798,-3.798,0.00
14.54793,-3.798,-3.798,0.00
14.55790,-3.525,-3.525,0.00
14.56806,-3.525,-3.525,0.00
14.57821,-3.242,-3.242,0.00
14.58837,-3.242,-3.242,0.00
14.59852,-2.960,-2.960,0.00
14.60876,-2.960,-2.960,0.00
14.61888,-2.683,-2.683,0.00
14.62945,-2.683,-2.683,0.00
14.63961,-2.411,-2.411,0.00
14.64977,-2.411,-2.154,0.00
14.65992,-2.154,-2.154,0.00
14.67029,-2.154,-1.919,0.00
14.68059,-1.919,-1.919,0.00
14.69098,-1.919,-1.919,0.00
14.70118,-1.722,-1.722,0.00
14.71135,-1.722,-1.722,0.00
14.72149,-1.566,-1.566,0.00
14.73169,-1.566,-1.566,0.00
14.74185,-1.566,-1.440,0.00
14.75198,-1.440,-1.326,0.00
14.76212,-1.326,-1.326,0.00
14.77229,-1.326,-1.239,0.00
14.78243,-1.239,-1.239,0.00
14.79259,-1.239,-1.182,0.00
14.80274,-1.182,-1.182,0.00
14.81288,-1.146,-1.146,0.00
14.82302,-1.146,-1.146,0.00
14.83318,-1.146,-1.121,0.00
14.84333,-1.121,-1.121,0.00
14.85347,-1.084,-1.084,0.00
14.86362,-1.084,-1.084,0.00
14.87401,-1.031,-1.031,0.00
14.88414,-1.031,-1.031,0.00
14.89430,-1.031,-0.966,0.00
14.90453,-0.966,-0.966,0.00
14.91470,-0.966,-0.901,0.00
14.92490,-0.901,-0.901,0.00
14.93506,-0.901,-0.849,0.00
14.94527,-0.849,-0.849,0.00
14.95544,-0.849,-0.800,0.00
14.96559,-0.800,-0.800,0.00
14.97578,-0.800,-0.749,0.00
14.98599,-0.749,-0.749,0.00
14.99616,-0.749,-0.699,0.00
15.00637,-0.699,-0.699,0.00
15.01655,-0.662,-0.662,0.00
15.02671,-0.662,-0.662,0.00
15.03688,-0.618,-0.618,0.00
15.04704,-0.618,-0.618,0.00
15.05722,-0.561,-0.561,0.00
15.06751,-0.561,-0.561,0.00
15.07769,-0.486,-0.486,0.00
15.08831,-0.486,-0.486,0.00
15.09849,-0.406,-0.406,0.00
15.10918,-0.406,-0.406,0.00
15.11934,-0.326,-0.326,0.00
15.12952,-0.326,-0.251,0.00
15.13968,-0.251,-0.251,0.00
15.14986,-0.251,-0.251,0.00
15.16003,-0.152,-0.152,0.00
15.17059,-0.152,-0.025,0.00
15.18074,-0.025,-0.025,0.00
15.19089,-0.025,0.130,0.00
15.20104,0.130,0.130,0.00
15.21119,0.130,0.291,0.00
15.22133,0.291,0.291,0.00
15.23147,0.291,0.445,0.00
15.24182,0.445,0.445,0.00
15.25200,0.445,0.445,0.00
15.26215,0.620,0.620,0.00
15.27233,0.620,0.839,0.00
15.28247,0.839,0.839,0.00
15.29263,0.839,1.090,0.00
15.30278,1.090,1.090,0.00
15.31293,1.090,1.358,0.00
15.32308,1.358,1.358,0.00
15.33327,1.358,1.660,0.00
15.34342,1.660,1.660,0.00
15.35359,1.660,1.998,0.00
15.36379,1.998,1.998,0.00
15.37406,2.365,2.365,0.00
15.38425,2.365,2.365,0.00
15.39441,2.783,2.783,0.00
15.40461,2.783,2.783,0.00
15.41476,3.208,3.208,0.00
15.42496,3.208,3.208,0.00
15.43522,3.631,3.631,0.00
15.44538,3.631,3.631,0.00
15.45554,4.058,4.058,0.00
15.46658,4.058,4.058,0.00
15.47674,4.493,4.493,0.00
15.48779,4.493,4.493,0.00
15.49796,4.944,4.944,0.00
15.50815,4.944,4.944,0.00
15.51832,5.385,5.385,0.00
15.52887,5.385,5.385,0.00
15.53903,5.795,5.795,0.00
15.54924,5.795,5.795,0.00
15.55939,5.795,6.180,0.00
15.56956,6.180,6.522,0.00
15.57971,6.522,6.522,0.00
15.58986,6.522,6.816,0.00
15.60001,6.816,6.816,0.00
15.61015,6.816,7.052,0.00
15.62030,7.052,7.052,0.00
15.63045,7.052,7.214,0.00
15.64059,7.214,7.214,0.00
15.65094,7.214,7.214,0.00
15.66151,7.314,7.314,0.00
15.67165,7.314,7.350,0.00
15.68181,7.350,7.350,0.00
15.69197,7.350,7.304,0.00
15.70212,7.304,7.304,0.00
15.71228,7.304,7.204,0.00
15.72241,7.204,7.204,0.00
15.73257,7.204,7.071,0.00
15.74272,7.071,7.071,0.00
15.75288,7.071,6.904,0.00
15.76301,6.904,6.904,0.00
15.77322,6.747,6.747,0.00
15.78336,6.747,6.747,0.00
15.79352,6.747,6.607,0.00
15.80367,6.607,6.607,0.00
15.81383,6.607,6.452,0.00
15.82400,6.452,6.452,0.00
15.83416,6.301,6.301,0.00
15.84436,6.301,6.301,0.00
15.85451,6.153,6.153,0.00
15.86471,6.153,6.153,0.00
15.87491,5.984,5.984,0.00
15.88522,5.984,5.984,0.00
15.89537,5.775,5.775,0.00
15.90569,5.775,5.775,0.00
15.91594,5.548,5.548,0.00
15.92646,5.548,5.548,0.00
15.93662,5.308,5.308,0.00
15.94682,5.308,5.308,0.00
15.95698,5.308,5.030,0.00
15.96716,5.030,5.030,0.00
15.97733,4.694,4.694,0.00
15.98756,4.694,4.694,0.00
15.99776,4.324,4.324,0.00
16.00795,4.324,4.324,0.00
16.01811,3.919,3.919,0.00
16.02828,3.919,3.919,0.00
16.03844,3.475,3.475,0.00
16.04859,3.475,3.001,0.00
16.05876,3.001,3.001,0.00
16.06891,3.001,2.555,0.00
16.07906,2.555,2.555,0.00
16.08927,2.555,2.143,0.00
16.09944,2.143,2.143,0.00
16.10960,2.143,1.725,0.00
16.11975,1.725,1.725,0.00
16.12990,1.725,1.275,0.00
16.14004,1.275,1.275,0.00
16.15044,1.275,0.806,0.00
16.16057,0.806,0.806,0.00
16.17074,0.806,0.335,0.00
16.18088,0.335,0.335,0.00
16.19104,0.335,-0.111,0.00
16.20122,-0.111,-0.111,0.00
16.21137,-0.111,-0.477,0.00
16.22152,-0.477,-0.477,0.00
16.23167,-0.477,-0.737,0.00
16.24181,-0.737,-0.737,0.00
16.25196,-0.737,-0.919,0.00
16.26211,-0.919,-0.919,0.00
16.27226,-0.919,-0.919,0.00
16.28241,-1.074,-1.074,0.00
16.29267,-1.074,-1.162,0.00
16.30281,-1.162,-1.162,0.00
16.31321,-1.162,-1.207,0.00
16.32356,-1.207,-1.207,0.00
16.33372,-1.207,-1.245,0.00
16.34392,-1.245,-1.245,0.00
16.35421,-1.245,-1.279,0.00
16.36435,-1.279,-1.279,0.00
16.37465,-1.279,-1.279,0.00
16.38485,-1.316,-1.316,0.00
16.39502,-1.316,-1.365,0.00
16.40525,-1.365,-1.365,0.00
16.41645,-1.422,-1.422,0.00
16.42719,-1.422,-1.422,0.00
16.43735,-1.481,-1.481,0.00
16.44790,-1.481,-1.481,0.00
16.45802,-1.546,-1.546,0.00
16.46817,-1.546,-1.546,0.00
16.47833,-1.546,-1.546,0.00
16.48850,-1.613,-1.613,0.00
16.49866,-1.680,-1.680,0.00
16.50888,-1.680,-1.742,0.00
16.51903,-1.742,-1.742,0.00
16.52921,-1.742,-1.788,0.00
16.53936,-1.788,-1.788,0.00
16.54952,-1.788,-1.823,0.00
16.55969,-1.823,-1.823,0.00
16.56985,-1.823,-1.848,0.00
16.58000,-1.848,-1.848,0.00
16.59015,-1.848,-1.871,0.00
16.60030,-1.871,-1.871,0.00
16.61044,-1.906,-1.906,0.00
16.62073,-1.906,-1.906,0.00
16.63086,-1.906,-1.953,0.00
16.64119,-1.953,-1.953,0.00
16.65135,-1.953,-2.002,0.00
16.66149,-2.002,-2.002,0.00
16.67166,-2.002,-2.056,0.00
16.68180,-2.056,-2.056,0.00
16.69195,-2.056,-2.112,0.00
16.70209,-2.112,-2.112,0.00
16.71225,-2.112,-2.156,0.00
16.72239,-2.156,-2.156,0.00
16.73255,-2.156,-2.183,0.00
16.74269,-2.183,-2.183,0.00
16.75285,-2.183,-2.200,0.00
16.76300,-2.200,-2.200,0.00
16.77315,-2.199,-2.199,0.00
16.78331,-2.199,-2.199,0.00
16.79346,-2.208,-2.208,0.00
16.80389,-2.208,-2.208,0.00
16.81421,-2.246,-2.246,0.00
16.82432,-2.246,-2.246,0.00
16.83448,-2.246,-2.314,0.00
16.84467,-2.314,-2.314,0.00
16.85485,-2.402,-2.402,0.00
16.86514,-2.402,-2.402,0.00
16.87520,-2.514,-2.514,0.00
16.88600,-2.514,-2.514,0.00
16.89616,-2.652,-2.652,0.00
16.90650,-2.652,-2.652,0.00
16.91666,-2.807,-2.807,0.00
16.92681,-2.807,-2.807,0.00
16.93697,-2.982,-2.982,0.00
16.94733,-2.982,-2.982,0.00
16.95749,-3.169,-3.169,0.00
16.96807,-3.169,-3.169,0.00
16.97823,-3.358,-3.358,0.00
16.98902,-3.358,-3.358,0.00
16.99917,-3.554,-3.554,0.00
17.00973,-3.554,-3.554,0.00
17.01989,-3.728,-3.728,0.00
17.03005,-3.728,-3.854,0.00
17.04020,-3.854,-3.854,0.00
17.05035,-3.854,-3.945,0.00
17.06048,-3.945,-3.945,0.00
17.07063,-3.945,-3.991,0.00
17.08078,-3.991,-3.991,0.00
17.09093,-3.991,-3.976,0.00
17.10123,-3.976,-3.976,0.00
17.11163,-3.976,-3.901,0.00
17.12173,-3.901,-3.901,0.00
17.13201,-3.901,-3.757,0.00
17.14220,-3.757,-3.757,0.00
17.15236,-3.757,-3.550,0.00
17.16250,-3.550,-3.550,0.00
17.17266,-3.550,-3.296,0.00
17.18281,-3.296,-3.296,0.00
17.19297,-3.296,-3.296,0.00
17.20313,-3.020,-3.020,0.00
17.21330,-3.020,-2.735,0.00
17.22350,-2.735,-2.735,0.00
17.23367,-2.419,-2.419,0.00
17.24386,-2.419,-2.419,0.00
17.25403,-2.099,-2.099,0.00
17.26422,-2.099,-2.099,0.00
17.27438,-1.788,-1.788,0.00
17.28452,-1.788,-1.788,0.00
17.29566,-1.788,-1.788,0.00
17.30648,-1.474,-1.474,0.00
17.31664,-1.153,-1.153,0.00
17.32680,-1.153,-1.153,0.00
17.33695,-0.829,-0.829,0.00
17.34712,-0.829,-0.829,0.00
17.35728,-0.498,-0.498,0.00
17.36766,-0.498,-0.498,0.00
17.37782,-0.172,-0.172,0.00
17.38798,-0.172,-0.172,0.00
17.39815,0.158,0.158,0.00
17.40933,0.158,0.158,0.00
17.41949,0.542,0.542,0.00
17.42974,0.542,0.542,0.00
17.43989,0.982,0.982,0.00
17.45005,0.982,1.459,0.00
17.46020,1.459,1.459,0.00
17.47036,1.459,2.000,0.00
17.48050,2.000,2.000,0.00
17.49065,2.000,2.600,0.00
17.50079,2.600,2.600,0.00
17.51094,2.600,3.254,0.00
17.52120,3.254,3.254,0.00
17.53137,3.254,3.962,0.00
17.54151,3.962,3.962,0.00
17.55168,3.962,4.721,0.00
17.56182,4.721,4.721,0.00
17.57198,4.721,5.504,0.00
17.58212,5.504,5.504,0.00
17.59228,5.504,6.294,0.00
17.60243,6.294,6.294,0.00
17.61259,6.294,7.069,0.00
17.62273,7.069,7.069,0.00
17.63289,7.069,7.828,0.00
17.64304,7.828,7.828,0.00
17.65321,7.828,8.555,0.00
17.66334,8.555,8.555,0.00
17.67350,8.555,9.203,0.00
17.68366,9.203,9.203,0.00
17.69382,9.779,9.779,0.00
17.70399,9.779,9.779,0.00
17.71528,9.779,10.309,0.00
17.72549,10.309,10.309,0.00
17.73565,10.309,10.782,0.00
17.76320,10.782,10.782,29.50
17.77338,11.169,11.467,29.50
17.79532,11.467,11.467,29.50
17.80561,11.741,11.741,29.50
17.82761,11.909,11.909,29.50
17.83790,11.919,11.919,29.50
17.85918,11.919,11.919,29.50
17.86938,11.818,11.818,29.50
17.89110,11.612,11.612,29.50
17.90130,11.317,11.317,29.50
17.91145,11.317,11.317,29.50
17.92317,11.317,10.945,29.50
17.93336,10.945,10.526,29.50
17.94351,10.526,10.526,29.50
17.95497,10.526,10.526,29.50
17.96529,10.070,10.070,29.50
17.97545,10.070,9.593,29.50
17.98717,9.593,9.593,29.50
17.99735,9.593,9.125,29.50
18.00760,9.125,9.125,29.50
18.01964,9.125,8.701,29.50
18.03009,8.701,8.701,29.50
18.04022,8.354,8.354,29.50
18.06737,8.354,8.354,29.50
18.07755,7.896,7.896,29.50
18.09918,7.896,7.896,29.50
18.10937,7.804,7.804,29.50
18.13111,7.804,7.781,30.00
18.14129,7.823,7.823,30.00
18.16302,7.823,7.823,30.00
18.17320,7.910,7.910,30.00
18.18336,8.013,8.013,30.00
18.19521,8.013,8.013,30.00
18.20539,8.133,8.133,30.00
18.21555,8.133,8.133,30.00
18.22721,8.133,8.133,30.00
18.23741,8.331,8.331,30.00
18.24756,8.331,8.331,30.00
18.25918,8.331,8.392,30.00
18.26936,8.392,8.392,30.00
18.27952,8.408,8.408,30.00
18.29119,8.408,8.408,30.00
18.30135,8.392,8.392,30.00
18.31150,8.392,8.392,30.00
18.32316,8.330,8.330,30.00
18.33333,8.330,8.218,30.00
18.34348,8.218,8.218,30.00
18.35520,8.218,8.058,30.00
18.36539,8.058,8.058,30.00
18.37553,8.058,7.859,30.00
18.40379,7.859,7.636,30.00
18.41410,7.382,7.382,30.00
18.43518,7.382,7.382,30.00
18.44536,7.094,7.094,30.00
18.46731,7.094,6.781,30.00
18.47748,6.459,6.459,30.00
18.49926,6.459,6.459,30.00
18.50944,6.158,6.158,30.00
18.53103,5.873,5.873,30.00
18.54124,5.619,5.619,30.00
18.55139,5.619,5.393,30.00
18.56304,5.393,5.393,30.50
18.57322,5.393,5.393,30.50
18.58339,5.188,5.188,30.50
18.59509,5.188,5.188,30.50
18.60542,5.013,5.013,30.50
18.61558,4.863,4.863,30.50
18.62729,4.863,4.863,30.50
18.63746,4.863,4.744,30.50
18.64760,4.744,4.744,30.50
18.65939,4.645,4.645,30.50
18.66982,4.645,4.568,30.50
18.67995,4.568,4.568,30.50
18.69114,4.568,4.568,30.50
18.70133,4.502,4.502,30.50
18.71149,4.502,4.427,30.50
18.73942,4.427,4.427,30.50
18.74958,4.342,4.342,30.50
18.77141,4.342,4.240,30.50
18.78157,4.125,4.125,30.50
18.80297,4.125,3.997,30.50
18.81317,3.997,3.849,30.50
18.83540,3.849,3.849,30.50
18.84565,3.691,3.691,30.50
18.85580,3.536,3.536,30.50
18.86818,3.536,3.536,30.50
18.87835,3.390,3.390,30.50
18.88851,3.390,3.390,30.50
18.89934,3.243,3.243,30.50
18.90955,3.243,3.243,30.50
18.91972,3.099,3.099,30.50
18.93253,3.099,3.099,31.00
18.94269,2.972,2.972,31.00
18.95282,2.972,2.852,31.00
18.96303,2.852,2.852,31.00
18.97321,2.852,2.762,31.00
18.98334,2.762,2.762,31.00
18.99627,2.762,2.691,31.00
19.00646,2.691,2.691,31.00
19.01660,2.614,2.614,31.00
19.04309,2.614,2.614,31.00
19.05326,2.535,2.449,31.00
19.07496,2.449,2.449,31.00
19.08522,2.368,2.368,31.00
19.10785,2.293,2.293,31.00
19.11803,2.215,2.215,31.00
19.13931,2.215,2.141,31.00
19.14962,2.141,2.063,31.00
19.15995,2.063,2.063,31.00
19.17121,2.063,2.063,31.00
19.18140,1.989,1.989,31.00
19.19157,1.989,1.989,31.00
19.20338,1.989,1.916,31.00
19.21354,1.916,1.830,31.00
19.22369,1.830,1.830,31.00
19.23520,1.830,1.830,31.00
19.24549,1.742,1.742,31.00
19.25566,1.742,1.669,31.00
19.26736,1.669,1.669,31.50
19.27752,1.669,1.621,31.50
19.28767,1.621,1.621,31.50
19.29915,1.577,1.577,31.50
19.30933,1.577,1.577,31.50
19.31949,1.526,1.526,31.50
19.34731,1.526,1.526,31.50
19.35750,1.476,1.434,31.50
19.37915,1.434,1.434,31.50
19.38988,1.418,1.418,31.50
19.41150,1.414,1.414,31.50
19.42162,1.406,1.406,31.50
19.44296,1.406,1.400,31.50
19.45315,1.400,1.387,31.50
19.47499,1.387,1.387,31.50
19.48516,1.373,1.373,31.50
19.49532,1.373,1.367,31.50
19.50752,1.367,1.367,31.50
19.51770,1.365,1.365,31.50
19.52785,1.365,1.365,31.50
19.53930,1.365,1.365,31.50
19.54949,1.365,1.365,31.50
19.55965,1.361,1.361,31.50
19.57119,1.361,1.361,31.50
19.58135,1.359,1.359,31.50
19.59151,1.359,1.341,31.50
19.60335,1.341,1.341,32.00
19.61352,1.341,1.315,32.00
19.62370,1.315,1.315,32.00
19.63524,1.315,1.289,32.00
19.64541,1.289,1.289,32.00
19.65556,1.289,1.251,32.00
19.66741,1.251,1.251,32.00
19.67761,1.205,1.205,32.00
19.68776,1.205,1.205,32.00
19.71543,1.153,1.112,32.00
19.72582,1.112,1.112,32.00
19.74756,1.081,1.081,32.00
19.75772,1.081,1.061,32.00
19.77907,1.061,1.061,32.00
19.78925,1.073,1.073,32.00
19.79941,1.100,1.100,0.00
19.80956,1.100,1.100,0.00
19.81971,1.146,1.146,0.00
19.82986,1.146,1.202,0.00
19.84000,1.202,1.202,0.00
19.85014,1.202,1.202,0.00
19.86029,1.202,1.243,0.00
19.87043,1.243,1.233,0.00
19.88057,1.233,1.233,0.00
19.89079,1.233,1.128,0.00
19.90094,1.128,1.128,0.00
19.91109,1.128,0.882,0.00
19.92124,0.882,0.882,0.00
19.93160,0.882,0.491,0.00
19.94193,0.491,0.491,0.00
19.95209,0.491,-0.005,0.00
19.96224,-0.005,-0.005,0.00
19.97240,-0.005,-0.005,0.00
19.98256,-0.533,-0.533,0.00
19.99273,-0.533,-0.990,0.00
20.00288,-0.990,-0.990,0.00
20.01304,-0.990,-1.366,0.00
20.02319,-1.366,-1.366,0.00
20.03335,-1.366,-1.628,0.00
20.04350,-1.628,-1.628,0.00
20.05385,-1.628,-1.729,0.00
20.06400,-1.729,-1.729,0.00
20.07417,-1.705,-1.705,0.00
20.08435,-1.705,-1.705,0.00
20.09450,-1.626,-1.626,0.00
20.10470,-1.626,-1.626,0.00
20.11486,-1.567,-1.567,0.00
20.12501,-1.567,-1.567,0.00
20.13517,-1.555,-1.555,0.00
20.14535,-1.555,-1.555,0.00
20.15550,-1.578,-1.578,0.00
20.16591,-1.578,-1.578,0.00
20.17606,-1.588,-1.588,0.00
20.18668,-1.588,-1.588,0.00
20.19683,-1.613,-1.613,0.00
20.20747,-1.613,-1.613,0.00
20.21762,-1.681,-1.681,0.00
20.22820,-1.681,-1.780,0.00
20.23835,-1.780,-1.780,0.00
20.24912,-1.780,-1.780,0.00
20.25933,-1.885,-1.885,0.00
20.26971,-1.885,-1.986,0.00
20.28004,-1.986,-1.986,0.00
20.29019,-1.986,-1.986,0.00
20.30033,-2.074,-2.074,0.00
20.31048,-2.074,-2.074,0.00
20.32062,-2.143,-2.143,0.00
20.33078,-2.143,-2.143,0.00
20.34093,-2.202,-2.202,0.00
20.35109,-2.202,-2.202,0.00
20.36125,-2.220,-2.220,0.00
20.37140,-2.220,-2.228,0.00
20.38154,-2.228,-2.228,0.00
20.39170,-2.228,-2.241,0.00
20.40185,-2.241,-2.241,0.00
20.41200,-2.241,-2.267,0.00
20.42214,-2.267,-2.267,0.00
20.43230,-2.267,-2.311,0.00
20.44244,-2.311,-2.311,0.00
20.45259,-2.311,-2.369,0.00
20.46274,-2.369,-2.369,0.00
20.47288,-2.369,-2.433,0.00
20.48302,-2.433,-2.433,0.00
20.49319,-2.433,-2.502,0.00
20.50334,-2.502,-2.502,0.00
20.51349,-2.502,-2.582,0.00
20.52375,-2.582,-2.582,0.00
20.53389,-2.652,-2.652,0.00
20.54436,-2.652,-2.652,0.00
20.55454,-2.652,-2.712,0.00
20.56469,-2.712,-2.712,0.00
20.57485,-2.712,-2.712,0.00
20.58519,-2.767,-2.767,0.00
20.59535,-2.767,-2.805,0.00
20.60562,-2.805,-2.805,0.00
20.61578,-2.805,-2.821,0.00
20.62612,-2.821,-2.821,0.00
20.63627,-2.820,-2.820,0.00
20.64655,-2.820,-2.820,0.00
20.65670,-2.820,-2.818,0.00
20.66686,-2.818,-2.818,0.00
20.67701,-2.818,-2.818,0.00
20.68716,-2.828,-2.828,0.00
20.69731,-2.847,-2.847,0.00
20.70747,-2.847,-2.847,0.00
20.71762,-2.872,-2.872,0.00
20.72779,-2.872,-2.872,0.00
20.73795,-2.893,-2.893,0.00
20.74828,-2.893,-2.893,0.00
20.75842,-2.928,-2.928,0.00
20.76865,-2.928,-2.928,0.00
20.77907,-2.964,-2.964,0.00
20.78923,-2.964,-2.964,0.00
20.79937,-2.974,-2.974,0.00
20.80952,-2.974,-2.969,0.00
20.81966,-2.969,-2.969,0.00
20.82996,-2.969,-2.932,0.00
20.84011,-2.932,-2.932,0.00
20.85026,-2.932,-2.932,0.00
20.86041,-2.850,-2.850,0.00
20.87058,-2.850,-2.850,0.00
20.88074,-2.741,-2.741,0.00
20.89090,-2.741,-2.741,0.00
20.90151,-2.597,-2.597,0.00
20.91167,-2.597,-2.389,0.00
20.92181,-2.389,-2.389,0.00
20.93290,-2.389,-2.389,0.00
20.94304,-2.126,-2.126,0.00
20.95324,-2.126,-1.844,0.00
20.96344,-1.844,-1.844,0.00
20.97360,-1.844,-1.552,0.00
20.98374,-1.552,-1.552,0.00
20.99390,-1.552,-1.250,0.00
21.00410,-1.250,-1.250,0.00
21.01425,-1.250,-0.929,0.00
21.02451,-0.929,-0.929,0.00
21.03467,-0.618,-0.618,0.00
21.04492,-0.618,-0.618,0.00
21.05509,-0.331,-0.331,0.00
21.06532,-0.331,-0.331,0.00
21.07548,-0.042,-0.042,0.00
21.08563,-0.042,-0.042,0.00
21.09577,0.246,0.246,0.00
21.10592,0.246,0.246,0.00
21.11607,0.533,0.533,0.00
21.12633,0.533,0.533,0.00
21.13648,0.837,0.837,0.00
21.14672,0.837,0.837,0.00
21.15687,1.160,1.160,0.00
21.16735,1.160,1.160,0.00
21.17751,1.488,1.488,0.00
21.18875,1.488,1.488,0.00
21.19888,1.809,1.809,0.00
21.20989,1.809,1.809,0.00
21.22052,2.119,2.119,0.00
21.23067,2.119,2.119,0.00
21.24082,2.416,2.416,0.00
21.25098,2.416,2.416,0.00
21.26124,2.717,2.717,0.00
21.27140,2.717,2.717,0.00
21.28154,3.046,3.046,0.00
21.29169,3.046,3.046,0.00
21.30185,3.397,3.397,0.00
21.31201,3.397,3.749,0.00
21.32215,3.749,3.749,0.00
21.33230,3.749,4.078,0.00
21.34245,4.078,4.078,0.00
21.35260,4.078,4.437,0.00
21.36279,4.437,4.437,0.00
21.37853,4.437,4.791,0.00
21.39422,4.791,5.125,0.00
21.40448,4.791,5.125,0.00
21.42556,5.424,5.424,0.00
21.45220,5.683,5.896,0.00
21.46254,5.896,5.896,0.00
21.47289,5.896,6.059,0.00
21.48337,6.059,6.059,0.00
21.49397,6.059,6.059,0.00
21.50453,6.059,6.151,0.00
21.53593,6.195,6.195,0.00
21.54653,6.195,6.203,0.00
21.55718,6.203,6.203,0.00
21.56782,6.203,6.171,0.00
21.57836,6.171,6.171,0.00
21.58890,6.171,6.117,0.00
21.59977,6.117,6.117,0.00
21.61564,6.117,6.055,0.00
21.62595,6.055,5.993,0.00
21.63618,5.993,5.993,0.00
21.64704,5.993,5.941,0.00
21.65780,5.941,5.941,0.00
21.67339,5.910,5.910,0.00
21.68917,5.910,5.906,0.00
21.69991,5.906,5.926,0.00
21.71092,5.926,5.971,0.00
21.72164,5.971,5.971,0.00
21.73183,5.971,5.971,0.00
21.74250,6.045,6.045,0.00
21.75779,6.045,6.045,0.00
21.76867,6.150,6.150,0.00
21.77944,6.150,6.150,0.00
21.78996,6.150,6.264,0.00
21.80027,6.264,6.384,0.00
21.81083,6.384,6.384,0.00
21.82143,6.384,6.495,0.00
21.83342,6.495,6.604,0.00
21.85415,6.604,6.604,0.00
21.86470,6.604,6.701,0.00
21.87523,6.701,6.701,0.00
21.88577,6.701,6.792,0.00
21.89631,6.792,6.792,0.00
21.90751,6.792,6.859,0.00
21.91804,6.859,6.900,0.00
21.92866,6.900,6.900,0.00
21.93921,6.900,6.900,0.00
21.95949,6.916,6.916,0.00
21.97028,6.916,6.914,0.00
21.98100,6.914,6.896,0.00
21.99333,6.896,6.862,0.00
22.00356,6.896,6.862,0.00
22.01392,6.862,6.862,0.00
22.02455,6.862,6.817,0.00
22.03560,6.817,6.817,0.00
22.05106,6.776,6.776,0.00
22.06182,6.776,6.737,0.00
22.07594,6.737,6.737,0.00
22.09272,6.737,6.697,0.00
22.10348,6.697,6.666,0.00
22.11385,6.666,6.666,0.00
22.12447,6.666,6.630,0.00
22.13530,6.630,6.630,0.00
22.14596,6.630,6.594,0.00
22.15679,6.594,6.570,0.00
22.16788,6.570,6.570,0.00
22.17993,6.570,6.554,0.00
22.19081,6.554,6.554,0.00
22.21222,6.528,6.497,0.00
22.22253,6.528,6.497,0.00
22.23325,6.497,6.497,0.00
22.24380,6.497,6.459,0.00
22.25601,6.459,6.459,0.00
22.26661,6.459,6.423,0.00
22.28273,6.423,6.423,0.00
22.29358,6.423,6.406,0.00
22.30410,6.406,6.407,0.00
22.31996,6.407,6.407,0.00
22.33032,6.407,6.430,0.00
22.34087,6.430,6.482,0.00
22.35165,6.482,6.482,0.00
22.36223,6.482,6.546,0.00
22.37329,6.546,6.546,0.00
22.44790,6.546,6.642,0.00
22.45807,7.075,7.075,0.00
22.46824,7.075,7.075,0.00
22.47839,7.212,0.782,0.00
22.48861,0.782,0.782,0.00
22.49877,0.919,0.919,0.00
22.50892,0.919,1.046,0.00
22.51908,1.046,1.046,0.00
22.52924,1.046,1.137,0.00
22.53939,1.137,1.137,0.00
22.54954,1.137,1.189,0.00
22.55967,1.189,1.189,0.00
22.57014,1.189,1.214,0.00
22.58027,1.214,1.214,0.00
22.59043,1.214,1.185,0.00
22.60057,1.185,1.185,0.00
22.61073,1.185,1.100,0.00
22.62086,1.100,1.100,0.00
22.63102,1.100,0.963,0.00
22.64121,0.963,0.963,0.00
22.65137,0.963,0.777,0.00
22.66152,0.777,0.777,0.00
22.67167,0.777,0.565,0.00
22.68182,0.565,0.565,0.00
22.69197,0.324,0.324,0.00
22.70212,0.324,0.324,0.00
22.71228,0.324,0.068,0.00
22.72243,0.068,0.068,0.00
22.73259,0.068,-0.211,0.00
22.74274,-0.211,-0.211,0.00
22.75290,-0.211,-0.490,0.00
22.76314,-0.490,-0.490,0.00
22.77331,-0.490,-0.751,0.00
22.78356,-0.751,-0.751,0.00
22.79396,-1.027,-1.027,0.00
22.80420,-1.027,-1.027,0.00
22.81444,-1.330,-1.330,0.00
22.82468,-1.330,-1.330,0.00
22.83492,-1.654,-1.654,0.00
22.84583,-1.654,-1.654,0.00
22.85606,-2.002,-2.002,0.00
22.86631,-2.002,-2.002,0.00
22.87646,-2.376,-2.376,0.00
22.88668,-2.376,-2.376,0.00
22.89683,-2.775,-2.775,0.00
22.90727,-2.775,-2.775,0.00
22.91750,-3.197,-3.197,0.00
22.92816,-3.197,-3.197,0.00
22.93822,-3.635,-3.635,0.00
22.94837,-3.635,-4.075,0.00
22.95851,-4.075,-4.075,0.00
22.96867,-4.075,-4.495,0.00
22.97881,-4.495,-4.495,0.00
22.98896,-4.495,-4.891,0.00
22.99930,-4.891,-4.891,0.00
23.00946,-4.891,-5.260,0.00
23.01960,-5.260,-5.260,0.00
23.02976,-5.260,-5.591,0.00
23.04015,-5.591,-5.591,0.00
23.05030,-5.591,-5.879,0.00
23.06045,-5.879,-5.879,0.00
23.07063,-5.879,-6.116,0.00
23.08077,-6.116,-6.116,0.00
23.09093,-6.116,-6.295,0.00
23.10116,-6.295,-6.295,0.00
23.11132,-6.295,-6.432,0.00
23.12147,-6.432,-6.432,0.00
23.13162,-6.432,-6.539,0.00
23.14179,-6.539,-6.539,0.00
23.15195,-6.539,-6.637,0.00
23.16211,-6.637,-6.637,0.00
23.17225,-6.637,-6.734,0.00
23.18240,-6.734,-6.734,0.00
23.19255,-6.734,-6.835,0.00
23.20270,-6.835,-6.835,0.00
23.21285,-6.835,-6.952,0.00
23.22299,-6.952,-6.952,0.00
23.23338,-6.952,-6.952,0.00
23.24382,-7.081,-7.081,0.00
23.25395,-7.081,-7.205,0.00
23.26410,-7.205,-7.205,0.00
23.27427,-7.205,-7.321,0.00
23.28442,-7.321,-7.321,0.00
23.29459,-7.321,-7.444,0.00
23.30475,-7.444,-7.444,0.00
23.31491,-7.444,-7.571,0.00
23.32599,-7.571,-7.571,0.00
23.33615,-7.697,-7.697,0.00
23.34686,-7.697,-7.697,0.00
23.35699,-7.820,-7.820,0.00
23.36781,-7.820,-7.820,0.00
23.37798,-7.946,-7.946,0.00
23.38815,-7.946,-7.946,0.00
23.39831,-8.060,-8.060,0.00
23.40848,-8.060,-8.060,0.00
23.41864,-8.164,-8.164,0.00
23.42881,-8.164,-8.164,0.00
23.43897,-8.264,-8.264,0.00
23.44929,-8.264,-8.264,0.00
23.45945,-8.351,-8.351,0.00
23.46962,-8.351,-8.351,0.00
23.47978,-8.427,-8.427,0.00
23.48992,-8.427,-8.427,0.00
23.50008,-8.486,-8.486,0.00
23.51031,-8.486,-8.486,0.00
23.52046,-8.526,-8.526,0.00
23.53063,-8.526,-8.549,0.00
23.54076,-8.549,-8.549,0.00
23.55091,-8.549,-8.573,0.00
23.56116,-8.573,-8.573,0.00
23.57119,-8.573,-8.618,0.00
23.58133,-8.618,-8.618,0.00
23.59148,-8.618,-8.682,0.00
23.60190,-8.682,-8.682,0.00
23.61207,-8.682,-8.743,0.00
23.62221,-8.743,-8.743,0.00
23.63237,-8.743,-8.801,0.00
23.64252,-8.801,-8.801,0.00
23.65268,-8.801,-8.868,0.00
23.66284,-8.868,-8.868,0.00
23.67300,-8.868,-8.954,0.00
23.68315,-8.954,-8.954,0.00
23.69331,-8.954,-9.041,0.00
23.70347,-9.041,-9.041,0.00
23.71364,-9.041,-9.136,0.00
23.72380,-9.136,-9.136,0.00
23.73396,-9.245,-9.245,0.00
23.74411,-9.245,-9.245,0.00
23.75427,-9.363,-9.363,0.00
23.76441,-9.363,-9.363,0.00
23.77457,-9.484,-9.484,0.00
23.78475,-9.484,-9.484,0.00
23.79490,-9.598,-9.598,0.00
23.80518,-9.598,-9.598,0.00
23.81556,-9.709,-9.709,0.00
23.82592,-9.709,-9.709,0.00
23.83622,-9.822,-9.822,0.00
23.84644,-9.822,-9.822,0.00
23.85663,-9.822,-9.926,0.00
23.86746,-9.926,-9.926,0.00
23.87774,-10.013,-10.013,0.00
23.88806,-10.013,-10.089,0.00
23.89836,-10.089,-10.089,0.00
23.90867,-10.089,-10.157,0.00
23.91896,-10.157,-10.157,0.00
23.92939,-10.157,-10.228,0.00
23.93956,-10.228,-10.228,0.00
23.94987,-10.228,-10.297,0.00
23.96038,-10.297,-10.297,0.00
23.97054,-10.297,-10.297,0.00
23.98074,-10.375,-10.375,0.00
23.99093,-10.375,-10.375,0.00
24.00124,-10.455,-10.455,0.00
24.01142,-10.455,-10.455,0.00
24.02158,-10.521,-10.521,0.00
24.03175,-10.521,-10.521,0.00
24.04192,-10.588,-10.588,0.00
24.05208,-10.588,-10.588,0.00
24.06226,-10.661,-10.661,0.00
24.07242,-10.661,-10.724,0.00
24.08258,-10.724,-10.724,0.00
24.09274,-10.724,-10.775,0.00
24.10289,-10.775,-10.775,0.00
24.11317,-10.775,-10.832,0.00
24.12333,-10.832,-10.832,0.00
24.13348,-10.832,-10.897,0.00
24.14363,-10.897,-10.897,0.00
24.15459,-10.897,-10.897,0.00
24.16478,-10.973,-10.973,0.00
24.17495,-11.059,-11.059,0.00
24.18559,-11.059,-11.059,0.00
24.19576,-11.141,-11.141,0.00
24.20621,-11.141,-11.141,0.00
24.21638,-11.216,-11.216,0.00
24.22654,-11.216,-11.269,0.00
24.23672,-11.269,-11.269,0.00
24.24688,-11.269,-11.305,0.00
24.25743,-11.305,-11.305,0.00
24.26810,-11.305,-11.305,0.00
24.27826,-11.347,-11.347,0.00
24.28897,-11.347,-11.347,0.00
24.29914,-11.409,-11.409,0.00
24.30932,-11.409,-11.485,0.00
24.31948,-11.485,-11.485,0.00
24.32966,-11.485,-11.485,0.00
24.33984,-11.566,-11.566,0.00
24.35001,-11.566,-11.566,0.00
24.36018,-11.681,-11.681,0.00
24.37047,-11.681,-11.681,0.00
24.38064,-11.773,-11.773,0.00
24.39080,-11.773,-11.773,0.00
24.40097,-11.870,-11.870,0.00
24.41126,-11.870,-11.977,0.00
24.42142,-11.977,-11.977,0.00
24.43159,-11.977,-12.115,0.00
24.44176,-12.115,-12.115,0.00
24.45191,-12.115,-12.241,0.00
24.46207,-12.241,-12.241,0.00
24.47222,-12.241,-12.322,0.00
24.48238,-12.322,-12.322,0.00
24.49255,-12.322,-12.379,0.00
24.50271,-12.379,-12.379,0.00
24.51288,-12.379,-12.421,0.00
24.52305,-12.421,-12.421,0.00
24.53322,-12.447,-12.447,0.00
24.54338,-12.447,-12.447,0.00
24.55353,-12.447,-12.464,0.00
24.56370,-12.464,-12.464,0.00
24.57385,-12.464,-12.476,0.00
24.58401,-12.476,-12.476,0.00
24.59418,-12.476,-12.481,0.00
24.60433,-12.481,-12.481,0.00
24.61449,-12.481,-12.510,0.00
24.62465,-12.510,-12.510,0.00
24.63481,-12.510,-12.574,0.00
24.64497,-12.574,-12.574,0.00
24.65535,-12.627,-12.627,0.00
24.66552,-12.627,-12.627,0.00
24.67568,-12.693,-12.693,0.00
24.68585,-12.693,-12.693,0.00
24.69602,-12.773,-12.773,0.00
24.70620,-12.773,-12.773,0.00
24.71636,-12.859,-12.859,0.00
24.72652,-12.859,-12.859,0.00
24.73669,-12.950,-12.950,0.00
24.74685,-12.950,-13.050,0.00
24.75701,-13.050,-13.050,0.00
24.76757,-13.050,-13.050,0.00
24.77773,-13.166,-13.166,0.00
24.78806,-13.166,-13.166,0.00
24.79821,-13.295,-13.295,0.00
24.80882,-13.295,-13.295,0.00
24.81899,-13.421,-13.421,0.00
24.82946,-13.421,-13.534,0.00
24.83962,-13.534,-13.534,0.00
24.84980,-13.534,-13.534,0.00
24.85999,-13.642,-13.642,0.00
24.87014,-13.642,-13.642,0.00
24.88031,-13.642,-13.751,0.00
24.89047,-13.751,-13.751,0.00
24.90063,-13.838,-13.838,0.00
24.91081,-13.838,-13.838,0.00
24.92098,-13.885,-13.885,0.00
24.93114,-13.885,-13.885,0.00
24.94132,-13.924,-13.924,0.00
24.95148,-13.924,-13.974,0.00
24.96163,-13.974,-13.974,0.00
24.97178,-13.974,-13.974,0.00
24.98195,-14.031,-14.031,0.00
24.99212,-14.031,-14.089,0.00
25.00228,-14.089,-14.089,0.00
25.01244,-14.089,-14.143,0.00
25.02262,-14.143,-14.143,0.00
25.03278,-14.143,-14.194,0.00
25.04293,-14.194,-14.194,0.00
25.05319,-14.194,-14.242,0.00
25.06350,-14.242,-14.242,0.00
25.07368,-14.242,-14.278,0.00
25.08384,-14.278,-14.278,0.00
25.09401,-14.278,-14.282,0.00
25.10417,-14.282,-14.282,0.00
25.11434,-14.250,-14.250,0.00
25.12450,-14.250,-14.250,0.00
25.13466,-14.205,-14.205,0.00
25.14481,-14.205,-14.205,0.00
25.15496,-14.158,-14.158,0.00
25.16522,-14.158,-14.158,0.00
25.17538,-14.111,-14.111,0.00
25.18553,-14.111,-14.111,0.00
25.19570,-14.068,-14.068,0.00
25.20624,-14.068,-14.068,0.00
25.21640,-14.035,-14.035,0.00
25.22701,-14.035,-14.035,0.00
25.23719,-14.015,-14.015,0.00
25.24793,-14.015,-14.015,0.00
25.25809,-14.000,-14.000,0.00
25.26873,-14.000,-14.000,0.00
25.27890,-13.975,-13.975,0.00
25.28916,-13.975,-13.975,0.00
25.29935,-13.934,-13.934,0.00
25.30953,-13.934,-13.934,0.00
25.31971,-13.889,-13.889,0.00
25.32987,-13.889,-13.889,0.00
25.34004,-13.854,-13.854,0.00
25.35022,-13.854,-13.854,0.00
25.36038,-13.820,-13.820,0.00
25.37054,-13.820,-13.820,0.00
25.38071,-13.781,-13.781,0.00
25.39090,-13.781,-13.731,0.00
25.40118,-13.731,-13.731,0.00
25.41134,-13.731,-13.688,0.00
25.42149,-13.688,-13.688,0.00
25.43165,-13.688,-13.661,0.00
25.44182,-13.661,-13.661,0.00
25.45199,-13.661,-13.649,0.00
25.46214,-13.649,-13.649,0.00
25.47231,-13.645,-13.645,0.00
25.48247,-13.645,-13.645,0.00
25.49263,-13.645,-13.646,0.00
25.50278,-13.646,-13.646,0.00
25.51295,-13.646,-13.644,0.00
25.52310,-13.644,-13.644,0.00
25.53355,-13.644,-13.636,0.00
25.54461,-13.636,-13.636,0.00
25.55475,-13.636,-13.625,0.00
25.56490,-13.625,-13.625,0.00
25.57506,-13.613,-13.613,0.00
25.58522,-13.613,-13.613,0.00
25.59537,-13.597,-13.597,0.00
25.60552,-13.597,-13.597,0.00
25.61568,-13.559,-13.559,0.00
25.62583,-13.559,-13.559,0.00
25.63598,-13.497,-13.497,0.00
25.64619,-13.497,-13.497,0.00
25.65634,-13.417,-13.417,0.00
25.66678,-13.417,-13.339,0.00
25.67715,-13.339,-13.339,0.00
25.68731,-13.339,-13.339,0.00
25.69769,-13.273,-13.273,0.00
25.70805,-13.273,-13.207,0.00
25.71834,-13.207,-13.207,0.00
25.72881,-13.207,-13.124,0.00
25.73908,-13.124,-13.124,0.00
25.74970,-13.124,-13.018,0.00
25.76002,-13.018,-13.018,0.00
25.77050,-13.018,-12.870,0.00
25.78065,-12.870,-12.870,0.00
25.79102,-12.870,-12.870,0.00
25.80137,-12.687,-12.687,0.00
25.81186,-12.687,-12.461,0.00
25.82213,-12.461,-12.461,0.00
25.83243,-12.461,-12.181,0.00
25.84276,-12.181,-12.181,0.00
25.85324,-12.181,-11.848,0.00
25.86362,-11.848,-11.848,0.00
25.87388,-11.473,-11.473,0.00
25.88441,-11.473,-11.473,0.00
25.89469,-11.070,-11.070,0.00
25.90486,-11.070,-11.070,0.00
25.91504,-11.070,-10.672,0.00
25.92559,-10.672,-10.672,0.00
25.93576,-10.672,-10.298,0.00
25.94594,-10.298,-10.298,0.00
25.95609,-10.298,-9.946,0.00
25.96627,-9.946,-9.946,0.00
25.97643,-9.946,-9.598,0.00
25.98660,-9.598,-9.598,0.00
25.99675,-9.232,-9.232,0.00
26.00691,-9.232,-9.232,0.00
26.01768,-8.881,-8.881,0.00
26.02783,-8.881,-8.881,0.00
26.03799,-8.589,-8.589,0.00
26.04813,-8.589,-8.589,0.00
26.05829,-8.345,-8.345,0.00
26.06844,-8.345,-8.345,0.00
26.07860,-8.109,-8.109,0.00
26.08875,-8.109,-7.867,0.00
26.09891,-7.867,-7.867,0.00
26.10916,-7.867,-7.638,0.00
26.11932,-7.638,-7.638,0.00
26.12949,-7.638,-7.388,0.00
26.13964,-7.388,-7.388,0.00
26.14979,-7.388,-7.144,0.00
26.15995,-7.144,-7.144,0.00
26.17010,-7.144,-6.914,0.00
26.18043,-6.914,-6.914,0.00
26.19077,-6.914,-6.687,0.00
26.20129,-6.687,-6.687,0.00
26.21162,-6.427,-6.427,0.00
26.22210,-6.427,-6.427,0.00
26.23225,-6.427,-6.160,0.00
26.24240,-6.160,-6.160,0.00
26.25257,-6.160,-5.906,0.00
26.26273,-5.906,-5.906,0.00
26.27289,-5.906,-5.676,0.00
26.28304,-5.676,-5.676,0.00
26.29321,-5.676,-5.457,0.00
26.30336,-5.457,-5.457,0.00
26.31364,-5.457,-5.246,0.00
26.32381,-5.246,-5.246,0.00
26.33397,-5.044,-5.044,0.00
26.34412,-5.044,-5.044,0.00
26.35428,-5.044,-4.853,0.00
26.36445,-4.853,-4.853,0.00
26.37461,-4.675,-4.675,0.00
26.38475,-4.675,-4.675,0.00
26.39491,-4.514,-4.514,0.00
26.40515,-4.514,-4.514,0.00
26.41530,-4.370,-4.370,0.00
26.42542,-4.370,-4.370,0.00
26.43558,-4.241,-4.241,0.00
26.44572,-4.241,-4.241,0.00
26.45590,-4.069,-4.069,0.00
26.46603,-4.069,-4.069,0.00
26.47618,-3.914,-3.914,0.00
26.48629,-3.914,-3.914,0.00
26.49644,-3.781,-3.781,0.00
26.50660,-3.781,-3.781,0.00
26.51676,-3.612,-3.612,0.00
26.52691,-3.612,-3.612,0.00
26.53716,-3.419,-3.419,0.00
26.54731,-3.419,-3.210,0.00
26.55746,-3.210,-3.210,0.00
26.56778,-3.210,-2.994,0.00
26.57811,-2.994,-2.994,0.00
26.58826,-2.994,-2.994,0.00
26.59842,-2.789,-2.789,0.00
26.60858,-2.789,-2.789,0.00
26.61874,-2.789,-2.591,0.00
26.62890,-2.591,-2.591,0.00
26.63904,-2.399,-2.399,0.00
26.64919,-2.399,-2.399,0.00
26.65935,-2.215,-2.215,0.00
26.66951,-2.215,-2.215,0.00
26.67966,-2.047,-2.047,0.00
26.68981,-2.047,-2.047,0.00
26.69996,-1.896,-1.896,0.00
26.71012,-1.896,-1.896,0.00
26.72028,-1.896,-1.759,0.00
26.73045,-1.759,-1.654,0.00
26.74061,-1.654,-1.654,0.00
26.75076,-1.654,-1.554,0.00
26.76091,-1.554,-1.554,0.00
26.77105,-1.554,-1.454,0.00
26.78125,-1.454,-1.454,0.00
26.79140,-1.454,-1.386,0.00
26.80155,-1.386,-1.386,0.00
26.81173,-1.386,-1.342,0.00
26.82188,-1.342,-1.342,0.00
26.83203,-1.342,-1.291,0.00
26.84218,-1.291,-1.291,0.00
26.85235,-1.291,-1.239,0.00
26.86250,-1.239,-1.239,0.00
26.87265,-1.239,-1.184,0.00
26.88280,-1.184,-1.184,0.00
26.89296,-1.184,-1.117,0.00
26.90311,-1.117,-1.117,0.00
26.91329,-1.117,-1.044,0.00
26.92348,-1.044,-1.044,0.00
26.93365,-0.986,-0.986,0.00
26.94381,-0.986,-0.986,0.00
26.95397,-0.940,-0.940,0.00
26.96412,-0.940,-0.940,0.00
26.97427,-0.896,-0.896,0.00
26.98442,-0.896,-0.896,0.00
26.99458,-0.859,-0.859,0.00
27.00473,-0.859,-0.859,0.00
27.01489,-0.834,-0.834,0.00
27.02559,-0.834,-0.834,0.00
27.03586,-0.813,-0.813,0.00
27.04602,-0.813,-0.813,0.00
27.05619,-0.794,-0.794,0.00
27.06635,-0.794,-0.794,0.00
27.07650,-0.794,-0.777,0.00
27.08666,-0.777,-0.777,0.00
27.09681,-0.756,-0.756,0.00
27.10695,-0.756,-0.756,0.00
27.11711,-0.744,-0.744,0.00
27.12727,-0.744,-0.744,0.00
27.13743,-0.749,-0.749,0.00
27.14758,-0.749,-0.749,0.00
27.15773,-0.749,-0.749,0.00
27.16788,-0.749,-0.734,0.00
27.17803,-0.734,-0.734,0.00
27.18818,-0.734,-0.727,0.00
27.19833,-0.727,-0.727,0.00
27.20870,-0.727,-0.720,0.00
27.21918,-0.720,-0.720,0.00
27.22957,-0.720,-0.714,0.00
27.24005,-0.714,-0.714,0.00
27.25019,-0.714,-0.714,0.00
27.26033,-0.700,-0.700,0.00
27.27047,-0.700,-0.700,0.00
27.28061,-0.678,-0.678,0.00
27.29076,-0.678,-0.678,0.00
27.30090,-0.660,-0.660,0.00
27.31105,-0.660,-0.660,0.00
27.32122,-0.645,-0.645,0.00
27.33137,-0.645,-0.645,0.00
27.34153,-0.635,-0.635,0.00
27.35167,-0.635,-0.613,0.00
27.36182,-0.613,-0.613,0.00
27.37197,-0.613,-0.596,0.00
27.38212,-0.596,-0.596,0.00
27.39227,-0.596,-0.582,0.00
27.40241,-0.582,-0.582,0.00
27.41257,-0.582,-0.573,0.00
27.42270,-0.573,-0.573,0.00
27.43285,-0.573,-0.570,0.00
27.44299,-0.570,-0.570,0.00
27.45316,-0.568,-0.568,0.00
27.46340,-0.568,-0.568,0.00
27.47364,-0.568,-0.544,0.00
27.48379,-0.544,-0.544,0.00
27.49394,-0.544,-0.530,0.00
27.50418,-0.530,-0.530,0.00
27.51444,-0.530,-0.536,0.00
27.52459,-0.536,-0.536,0.00
27.53474,-0.536,-0.536,0.00
27.54498,-0.558,-0.558,0.00
27.55513,-0.558,-0.583,0.00
27.56543,-0.583,-0.583,0.00
27.57559,-0.612,-0.612,0.00
27.58574,-0.612,-0.612,0.00
27.59589,-0.656,-0.656,0.00
27.60603,-0.656,-0.656,0.00
27.61618,-0.699,-0.699,0.00
27.62643,-0.699,-0.699,0.00
27.63649,-0.736,-0.736,0.00
27.64669,-0.736,-0.736,0.00
27.65693,-0.787,-0.787,0.00
27.66708,-0.787,-0.787,0.00
27.67724,-0.853,-0.853,0.00
27.68738,-0.853,-0.918,0.00
27.69755,-0.918,-0.918,0.00
27.70769,-0.918,-0.918,0.00
27.71783,-0.990,-0.990,0.00
27.72797,-0.990,-0.990,0.00
27.73815,-0.990,-1.089,0.00
27.74837,-1.089,-1.089,0.00
27.75853,-1.191,-1.191,0.00
27.76867,-1.191,-1.191,0.00
27.77881,-1.313,-1.313,0.00
27.78895,-1.313,-1.313,0.00
27.79909,-1.475,-1.475,0.00
27.80925,-1.475,-1.475,0.00
27.81938,-1.669,-1.669,0.00
27.82962,-1.669,-1.885,0.00
27.83978,-1.885,-1.885,0.00
27.84993,-1.885,-2.128,0.00
27.86006,-2.128,-2.128,0.00
27.87021,-2.128,-2.415,0.00
27.88034,-2.415,-2.415,0.00
27.89048,-2.415,-2.726,0.00
27.90061,-2.726,-2.726,0.00
27.91075,-2.726,-3.085,0.00
27.92088,-3.085,-3.085,0.00
27.93103,-3.085,-3.449,0.00
27.94129,-3.449,-3.449,0.00
27.95144,-3.449,-3.808,0.00
27.96159,-3.808,-3.808,0.00
27.97180,-3.808,-4.144,0.00
27.98195,-4.144,-4.144,0.00
27.99211,-4.144,-4.144,0.00
28.00228,-4.433,-4.433,0.00
28.01244,-4.433,-4.707,0.00
28.02258,-4.707,-4.707,0.00
28.03273,-4.707,-4.971,0.00
28.04288,-4.971,-4.971,0.00
28.05315,-4.971,-5.219,0.00
28.06318,-5.219,-5.219,0.00
28.07333,-5.219,-5.435,0.00
28.08349,-5.435,-5.435,0.00
28.09367,-5.619,-5.619,0.00
28.10382,-5.619,-5.619,0.00
28.11399,-5.784,-5.784,0.00
28.12419,-5.784,-5.784,0.00
28.13436,-5.947,-5.947,0.00
28.14451,-5.947,-5.947,0.00
28.15467,-5.947,-6.117,0.00
28.16501,-6.117,-6.117,0.00
28.17516,-6.274,-6.274,0.00
28.18617,-6.274,-6.274,0.00
28.19658,-6.421,-6.421,0.00
28.20672,-6.421,-6.421,0.00
28.21687,-6.421,-6.593,0.00
28.22715,-6.593,-6.593,0.00
28.23740,-6.593,-6.793,0.00
28.24763,-6.793,-6.793,0.00
28.25787,-6.793,-7.017,0.00
28.26801,-7.017,-7.017,0.00
28.27817,-7.256,-7.256,0.00
28.28831,-7.256,-7.256,0.00
28.29846,-7.508,-7.508,0.00
28.30861,-7.508,-7.508,0.00
28.31874,-7.762,-7.762,0.00
28.32889,-7.762,-7.762,0.00
28.33902,-7.995,-7.995,0.00
28.34918,-7.995,-7.995,0.00
28.35934,-7.995,-8.209,0.00
28.36950,-8.209,-8.396,0.00
28.37964,-8.396,-8.396,0.00
28.38979,-8.396,-8.510,0.00
28.39993,-8.510,-8.510,0.00
28.41013,-8.510,-8.568,0.00
28.42026,-8.568,-8.568,0.00
28.43041,-8.568,-8.599,0.00
28.44080,-8.599,-8.599,0.00
28.45096,-8.599,-8.599,0.00
28.46128,-8.617,-8.617,0.00
28.47146,-8.617,-8.617,0.00
28.48162,-8.641,-8.641,0.00
28.49180,-8.641,-8.678,0.00
28.50196,-8.678,-8.678,0.00
28.51212,-8.678,-8.713,0.00
28.52228,-8.713,-8.713,0.00
28.53244,-8.713,-8.758,0.00
28.54259,-8.758,-8.758,0.00
28.55275,-8.758,-8.816,0.00
28.56290,-8.816,-8.816,0.00
28.57318,-8.816,-8.886,0.00
28.58332,-8.886,-8.886,0.00
28.59349,-8.886,-8.954,0.00
28.60363,-8.954,-8.954,0.00
28.61379,-8.954,-9.008,0.00
28.62397,-9.008,-9.008,0.00
28.63414,-9.047,-9.047,0.00
28.64432,-9.047,-9.047,0.00
28.65447,-9.075,-9.075,0.00
28.66462,-9.075,-9.075,0.00
28.67477,-9.100,-9.100,0.00
28.68532,-9.100,-9.100,0.00
28.69547,-9.099,-9.099,0.00
28.70608,-9.099,-9.099,0.00
28.71617,-9.099,-9.099,0.00
28.72654,-9.099,-9.124,0.00
28.73684,-9.124,-9.124,0.00
28.74718,-9.124,-9.170,0.00
28.75750,-9.170,-9.170,0.00
28.76785,-9.170,-9.170,0.00
28.77831,-9.227,-9.227,0.00
28.78845,-9.227,-9.285,0.00
28.79881,-9.285,-9.285,0.00
28.80967,-9.285,-9.285,0.00
28.81984,-9.345,-9.345,0.00
28.82999,-9.345,-9.407,0.00
28.84014,-9.407,-9.407,0.00
28.85029,-9.407,-9.407,0.00
28.86043,-9.475,-9.475,0.00
28.87058,-9.475,-9.475,0.00
28.88072,-9.545,-9.545,0.00
28.89087,-9.545,-9.545,0.00
28.90101,-9.615,-9.615,0.00
28.91117,-9.615,-9.683,0.00
28.92131,-9.683,-9.683,0.00
28.93147,-9.683,-9.748,0.00
28.94161,-9.748,-9.748,0.00
28.95177,-9.748,-9.806,0.00
28.96191,-9.806,-9.806,0.00
28.97206,-9.806,-9.857,0.00
28.98220,-9.857,-9.857,0.00
28.99235,-9.857,-9.903,0.00
29.00248,-9.903,-9.903,0.00
29.01298,-9.903,-9.938,0.00
29.02313,-9.938,-9.938,0.00
29.03341,-9.958,-9.958,0.00
29.04361,-9.958,-9.958,0.00
29.05378,-9.975,-9.975,0.00
29.06393,-9.975,-9.975,0.00
29.07408,-9.975,-9.988,0.00
29.08427,-9.988,-9.988,0.00
29.09441,-9.990,-9.990,0.00
29.10538,-9.990,-9.990,0.00
29.11556,-10.002,-10.002,0.00
29.12599,-10.002,-10.002,0.00
29.13615,-10.026,-10.026,0.00
29.14665,-10.026,-10.026,0.00
29.15679,-10.054,-10.054,0.00
29.16693,-10.054,-10.054,0.00
29.17747,-10.054,-10.063,0.00
29.18779,-10.063,-10.060,0.00
29.19811,-10.060,-10.060,0.00
29.20844,-10.060,-10.053,0.00
29.21872,-10.053,-10.053,0.00
29.22928,-10.053,-10.037,0.00
29.23943,-10.037,-10.037,0.00
29.24990,-10.037,-10.017,0.00
29.26020,-10.017,-10.017,0.00
29.27037,-10.017,-10.017,0.00
29.28051,-10.002,-10.002,0.00
29.29067,-10.002,-10.001,0.00
29.30081,-10.001,-10.001,0.00
29.31097,-10.001,-10.008,0.00
29.32140,-10.008,-10.008,0.00
29.33155,-10.008,-10.008,0.00
29.34168,-10.025,-10.025,0.00
29.35184,-10.025,-10.047,0.00
29.36200,-10.047,-10.047,0.00
29.37213,-10.047,-10.059,0.00
29.38227,-10.059,-10.059,0.00
29.39260,-10.059,-10.055,0.00
29.40273,-10.055,-10.055,0.00
29.41289,-10.055,-10.050,0.00
29.42303,-10.050,-10.050,0.00
29.43319,-10.050,-10.041,0.00
29.44341,-10.041,-10.041,0.00
29.45359,-10.030,-10.030,0.00
29.46378,-10.030,-10.030,0.00
29.47396,-10.006,-10.006,0.00
29.48416,-10.006,-10.006,0.00
29.49433,-9.947,-9.947,0.00
29.50448,-9.947,-9.947,0.00
29.51464,-9.879,-9.879,0.00
29.52482,-9.879,-9.879,0.00
29.53498,-9.811,-9.811,0.00
29.54525,-9.811,-9.811,0.00
29.55540,-9.742,-9.742,0.00
29.56558,-9.742,-9.742,0.00
29.57586,-9.635,-9.635,0.00
29.58623,-9.635,-9.635,0.00
29.59650,-9.525,-9.525,0.00
29.60664,-9.525,-9.525,0.00
29.61679,-9.525,-9.447,0.00
29.62700,-9.447,-9.447,0.00
29.63715,-9.447,-9.368,0.00
29.64730,-9.368,-9.368,0.00
29.65746,-9.280,-9.280,0.00
29.66762,-9.280,-9.280,0.00
29.67778,-9.176,-9.176,0.00
29.68794,-9.176,-9.176,0.00
29.69808,-8.994,-8.994,0.00
29.70824,-8.994,-8.994,0.00
29.71840,-8.733,-8.733,0.00
29.72855,-8.733,-8.733,0.00
29.73870,-8.431,-8.431,0.00
29.74888,-8.431,-8.431,0.00
29.75901,-8.057,-8.057,0.00
29.76918,-8.057,-7.578,0.00
29.77933,-7.578,-7.578,0.00
29.78949,-7.578,-7.578,0.00
29.79962,-7.061,-7.061,0.00
29.80979,-7.061,-6.519,0.00
29.81993,-6.519,-6.519,0.00
29.83009,-6.519,-5.929,0.00
29.84023,-5.929,-5.929,0.00
29.85038,-5.929,-5.310,0.00
29.86051,-5.310,-5.310,0.00
29.87066,-5.310,-4.692,0.00
29.88079,-4.692,-4.692,0.00
29.89094,-4.692,-4.112,0.00
29.90137,-4.112,-4.112,0.00
29.91156,-4.112,-3.595,0.00
29.92192,-3.595,-3.595,0.00
29.93234,-3.595,-3.170,0.00
29.94251,-3.170,-3.170,0.00
29.95266,-3.170,-3.170,0.00
29.96282,-2.854,-2.854,0.00
29.97300,-2.854,-2.617,0.00
29.98315,-2.617,-2.617,0.00
29.99332,-2.617,-2.617,0.00
30.00347,-2.478,-2.478,0.00
30.01368,-2.478,-2.473,0.00
30.02393,-2.473,-2.473,0.00
30.03409,-2.473,-2.583,0.00
30.04434,-2.583,-2.583,0.00
30.05448,-2.583,-2.790,0.00
30.06471,-2.790,-2.790,0.00
30.07487,-3.039,-3.039,0.00
30.08500,-3.039,-3.039,0.00
30.09515,-3.039,-3.039,0.00
30.10530,-3.314,-3.314,0.00
30.11544,-3.594,-3.594,0.00
30.12574,-3.594,-3.594,0.00
30.13587,-3.855,-3.855,0.00
30.14617,-3.855,-3.855,0.00
30.15631,-4.091,-4.091,0.00
30.16646,-4.091,-4.091,0.00
30.17660,-4.295,-4.295,0.00
30.18677,-4.295,-4.295,0.00
30.19692,-4.455,-4.455,0.00
30.20706,-4.455,-4.455,0.00
30.21757,-4.566,-4.566,0.00
30.22771,-4.566,-4.566,0.00
30.23785,-4.629,-4.629,0.00
30.24799,-4.629,-4.694,0.00
30.25814,-4.694,-4.694,0.00
30.26829,-4.694,-4.782,0.00
30.27844,-4.782,-4.782,0.00
30.28860,-4.782,-4.782,0.00
30.29878,-4.859,-4.859,0.00
30.30894,-4.859,-4.859,0.00
30.31907,-4.934,-4.934,0.00
30.32923,-4.934,-4.934,0.00
30.33937,-5.004,-5.004,0.00
30.34953,-5.004,-5.004,0.00
30.35966,-5.091,-5.091,0.00
30.36982,-5.091,-5.224,0.00
30.37998,-5.224,-5.224,0.00
30.39014,-5.224,-5.224,0.00
30.40028,-5.395,-5.395,0.00
30.41043,-5.395,-5.578,0.00
30.42057,-5.578,-5.578,0.00
30.43071,-5.578,-5.756,0.00
30.44085,-5.756,-5.756,0.00
30.45098,-5.756,-5.938,0.00
30.46123,-5.938,-5.938,0.00
30.47138,-5.938,-6.134,0.00
30.48152,-6.134,-6.134,0.00
30.49167,-6.134,-6.328,0.00
30.50182,-6.328,-6.328,0.00
30.51197,-6.328,-6.512,0.00
30.52211,-6.512,-6.512,0.00
30.53226,-6.512,-6.701,0.00
30.54241,-6.701,-6.701,0.00
30.55256,-6.701,-6.701,0.00
30.56270,-6.905,-6.905,0.00
30.57286,-6.905,-7.089,0.00
30.58300,-7.089,-7.089,0.00
30.59315,-7.089,-7.302,0.00
30.60330,-7.302,-7.302,0.00
30.61345,-7.302,-7.519,0.00
30.62358,-7.519,-7.519,0.00
30.63374,-7.519,-7.729,0.00
30.64400,-7.729,-7.729,0.00
30.65416,-7.914,-7.914,0.00
30.66442,-7.914,-7.914,0.00
30.67461,-8.088,-8.088,0.00
30.68491,-8.088,-8.088,0.00
30.69506,-8.252,-8.252,0.00
30.70535,-8.252,-8.252,0.00
30.71550,-8.379,-8.379,0.00
30.72576,-8.379,-8.379,0.00
30.73591,-8.471,-8.471,0.00
30.74608,-8.471,-8.471,0.00
30.75643,-8.538,-8.538,0.00
30.76658,-8.538,-8.538,0.00
30.77672,-8.596,-8.596,0.00
30.78687,-8.596,-8.596,0.00
30.79703,-8.650,-8.650,0.00
30.80718,-8.650,-8.650,0.00
30.81760,-8.703,-8.703,0.00
30.82774,-8.703,-8.703,0.00
30.83790,-8.757,-8.757,0.00
30.84805,-8.757,-8.757,0.00
30.85820,-8.811,-8.811,0.00
30.86835,-8.811,-8.811,0.00
30.87852,-8.871,-8.871,0.00
30.88868,-8.871,-8.871,0.00
30.89883,-8.925,-8.925,0.00
30.90898,-8.925,-8.925,0.00
30.91914,-8.925,-8.974,0.00
30.92930,-8.974,-8.974,0.00
30.93944,-9.022,-9.022,0.00
30.94959,-9.022,-9.022,0.00
30.95973,-9.071,-9.071,0.00
30.96989,-9.071,-9.123,0.00
30.98004,-9.123,-9.123,0.00
30.99018,-9.123,-9.165,0.00
31.00032,-9.165,-9.165,0.00
31.01053,-9.165,-9.198,0.00
31.02067,-9.198,-9.198,0.00
31.03082,-9.198,-9.217,0.00
31.04137,-9.217,-9.217,0.00
31.05177,-9.238,-9.238,0.00
31.06194,-9.238,-9.238,0.00
31.07210,-9.238,-9.261,0.00
31.08225,-9.261,-9.261,0.00
31.09240,-9.261,-9.284,0.00
31.10255,-9.284,-9.284,0.00
31.11270,-9.284,-9.312,0.00
31.12285,-9.312,-9.312,0.00
31.13300,-9.312,-9.347,0.00
31.14331,-9.347,-9.347,0.00
31.15349,-9.388,-9.388,0.00
31.16377,-9.388,-9.388,0.00
31.17394,-9.388,-9.433,0.00
31.18419,-9.433,-9.433,0.00
31.19435,-9.468,-9.468,0.00
31.20461,-9.468,-9.468,0.00
31.21475,-9.506,-9.506,0.00
31.22501,-9.506,-9.506,0.00
31.23516,-9.555,-9.555,0.00
31.24532,-9.555,-9.555,0.00
31.25546,-9.608,-9.608,0.00
31.26575,-9.608,-9.608,0.00
31.27590,-9.668,-9.668,0.00
31.28652,-9.668,-9.668,0.00
31.29667,-9.731,-9.731,0.00
31.30729,-9.731,-9.731,0.00
31.31745,-9.798,-9.798,0.00
31.32762,-9.798,-9.866,0.00
31.33779,-9.866,-9.866,0.00
31.34795,-9.866,-9.934,0.00
31.35812,-9.934,-9.934,0.00
31.36828,-9.934,-9.934,0.00
31.37846,-9.934,-9.988,0.00
31.38863,-9.988,-9.988,0.00
31.39880,-10.025,-10.025,0.00
31.40897,-10.025,-10.025,0.00
31.41915,-10.054,-10.054,0.00
31.42933,-10.054,-10.054,0.00
31.43950,-10.081,-10.081,0.00
31.44967,-10.081,-10.081,0.00
31.45986,-10.106,-10.106,0.00
31.47004,-10.106,-10.106,0.00
31.48021,-10.129,-10.129,0.00
31.49038,-10.129,-10.129,0.00
31.50054,-10.145,-10.145,0.00
31.51071,-10.145,-10.157,0.00
31.52088,-10.157,-10.157,0.00
31.53104,-10.157,-10.157,0.00
31.54123,-10.166,-10.166,0.00
31.55140,-10.166,-10.175,0.00
31.56157,-10.175,-10.175,0.00
31.57173,-10.175,-10.186,0.00
31.58190,-10.186,-10.186,0.00
31.59206,-10.186,-10.194,0.00
31.60222,-10.194,-10.194,0.00
31.61238,-10.194,-10.202,0.00
31.62254,-10.202,-10.202,0.00
31.63270,-10.202,-10.202,0.00
31.64287,-10.217,-10.217,0.00
31.65303,-10.233,-10.233,0.00
31.66319,-10.233,-10.233,0.00
31.67337,-10.253,-10.253,0.00
31.68353,-10.253,-10.253,0.00
31.69369,-10.279,-10.279,0.00
31.70385,-10.279,-10.279,0.00
31.71401,-10.317,-10.317,0.00
31.72417,-10.317,-10.317,0.00
31.73433,-10.317,-10.365,0.00
31.74450,-10.365,-10.365,0.00
31.75470,-10.365,-10.418,0.00
31.76485,-10.418,-10.418,0.00
31.77502,-10.418,-10.467,0.00
31.78519,-10.467,-10.467,0.00
31.79535,-10.467,-10.512,0.00
31.80552,-10.512,-10.512,0.00
31.81568,-10.512,-10.556,0.00
31.82584,-10.556,-10.556,0.00
31.83601,-10.605,-10.605,0.00
31.84619,-10.605,-10.605,0.00
31.85636,-10.666,-10.666,0.00
31.86652,-10.666,-10.666,0.00
31.87670,-10.727,-10.727,0.00
31.88685,-10.727,-10.727,0.00
31.89702,-10.790,-10.790,0.00
31.90735,-10.790,-10.790,0.00
31.91753,-10.860,-10.860,0.00
31.92770,-10.860,-10.933,0.00
31.93786,-10.933,-10.933,0.00
31.94803,-10.933,-10.994,0.00
31.95819,-10.994,-10.994,0.00
31.96842,-10.994,-11.039,0.00
31.97859,-11.039,-11.039,0.00
31.98902,-11.039,-11.039,0.00
31.99931,-11.083,-11.083,0.00
32.00949,-11.083,-11.083,0.00
32.01966,-11.137,-11.137,0.00
32.02982,-11.137,-11.137,0.00
32.04000,-11.195,-11.195,0.00
32.05020,-11.195,-11.259,0.00
32.06037,-11.259,-11.259,0.00
32.07050,-11.259,-11.259,0.00
32.08065,-11.324,-11.324,0.00
32.09082,-11.324,-11.383,0.00
32.10099,-11.383,-11.383,0.00
32.11117,-11.383,-11.383,0.00
32.12136,-11.442,-11.442,0.00
32.13152,-11.442,-11.499,0.00
32.14167,-11.499,-11.499,0.00
32.15185,-11.499,-11.555,0.00
32.16201,-11.555,-11.555,0.00
32.17216,-11.604,-11.604,0.00
32.18231,-11.604,-11.604,0.00
32.19245,-11.604,-11.643,0.00
32.20274,-11.643,-11.643,0.00
32.21321,-11.643,-11.669,0.00
32.22353,-11.669,-11.669,0.00
32.23369,-11.669,-11.688,0.00
32.24391,-11.688,-11.688,0.00
32.25408,-11.688,-11.711,0.00
32.26424,-11.711,-11.711,0.00
32.27441,-11.711,-11.745,0.00
32.28457,-11.745,-11.745,0.00
32.29475,-11.782,-11.782,0.00
32.30490,-11.782,-11.782,0.00
32.31507,-11.827,-11.827,0.00
32.32523,-11.827,-11.827,0.00
32.33540,-11.870,-11.870,0.00
32.34555,-11.870,-11.870,0.00
32.35571,-11.909,-11.909,0.00
32.36587,-11.909,-11.909,0.00
32.37604,-11.939,-11.939,0.00
32.38639,-11.939,-11.939,0.00
32.39655,-11.965,-11.965,0.00
32.40671,-11.965,-11.965,0.00
32.41687,-11.988,-11.988,0.00
32.42748,-11.988,-11.988,0.00
32.43765,-12.006,-12.006,0.00
32.44843,-12.006,-12.006,0.00
32.45860,-12.015,-12.015,0.00
32.46877,-12.015,-12.021,0.00
32.47894,-12.021,-12.021,0.00
32.48923,-12.021,-12.029,0.00
32.49940,-12.029,-12.029,0.00
32.50957,-12.029,-12.039,0.00
32.51991,-12.039,-12.039,0.00
32.53037,-12.039,-12.043,0.00
32.54067,-12.043,-12.043,0.00
32.55083,-12.043,-12.043,0.00
32.56102,-12.043,-12.043,0.00
32.57117,-12.043,-12.044,0.00
32.58133,-12.044,-12.044,0.00
32.59150,-12.044,-12.045,0.00
32.60166,-12.045,-12.045,0.00
32.61183,-12.045,-12.045,0.00
32.62200,-12.052,-12.052,0.00
32.63216,-12.052,-12.065,0.00
32.64232,-12.065,-12.065,0.00
32.65249,-12.065,-12.065,0.00
32.66266,-12.085,-12.085,0.00
32.67281,-12.085,-12.107,0.00
32.68297,-12.107,-12.107,0.00
32.69315,-12.107,-12.135,0.00
32.70330,-12.135,-12.135,0.00
32.71348,-12.135,-12.170,0.00
32.72365,-12.170,-12.170,0.00
32.73382,-12.202,-12.202,0.00
32.74398,-12.202,-12.202,0.00
32.75414,-12.231,-12.231,0.00
32.76480,-12.231,-12.231,0.00
32.77497,-12.261,-12.261,0.00
32.78569,-12.261,-12.261,0.00
32.79585,-12.293,-12.293,0.00
32.80671,-12.293,-12.293,0.00
32.81688,-12.319,-12.319,0.00
32.82704,-12.319,-12.339,0.00
32.83721,-12.339,-12.339,0.00
32.84738,-12.339,-12.360,0.00
32.85754,-12.360,-12.360,0.00
32.86770,-12.360,-12.360,0.00
32.87790,-12.360,-12.384,0.00
32.88807,-12.384,-12.384,0.00
32.89823,-12.409,-12.409,0.00
32.90840,-12.409,-12.409,0.00
32.91857,-12.438,-12.438,0.00
32.92874,-12.438,-12.438,0.00
32.93893,-12.469,-12.469,0.00
32.94918,-12.469,-12.469,0.00
32.95934,-12.504,-12.504,0.00
32.96951,-12.504,-12.504,0.00
32.97968,-12.542,-12.542,0.00
32.98986,-12.542,-12.584,0.00
33.00003,-12.584,-12.584,0.00
33.01058,-12.584,-12.584,0.00
33.02075,-12.632,-12.632,0.00
33.03110,-12.632,-12.673,0.00
33.04145,-12.673,-12.673,0.00
33.05162,-12.710,-12.710,0.00
33.06180,-12.710,-12.710,0.00
33.07217,-12.747,-12.747,0.00
33.08233,-12.747,-12.747,0.00
33.09249,-12.747,-12.779,0.00
33.10266,-12.779,-12.779,0.00
33.11282,-12.779,-12.807,0.00
33.12298,-12.807,-12.807,0.00
33.13316,-12.807,-12.830,0.00
33.14332,-12.830,-12.830,0.00
33.15349,-12.830,-12.849,0.00
33.16364,-12.849,-12.849,0.00
33.17379,-12.849,-12.862,0.00
33.18395,-12.862,-12.862,0.00
33.19412,-12.872,-12.872,0.00
33.20428,-12.872,-12.872,0.00
33.21445,-12.884,-12.884,0.00
33.22461,-12.884,-12.884,0.00
33.23477,-12.896,-12.896,0.00
33.24515,-12.896,-12.896,0.00
33.25521,-12.907,-12.907,0.00
33.26538,-12.907,-12.907,0.00
33.27554,-12.917,-12.917,0.00
33.28612,-12.917,-12.917,0.00
33.29628,-12.926,-12.926,0.00
33.30645,-12.926,-12.926,0.00
33.31662,-12.936,-12.936,0.00
33.32678,-12.936,-12.945,0.00
33.33695,-12.945,-12.945,0.00
33.34743,-12.945,-12.945,0.00
33.35760,-12.961,-12.961,0.00
33.36777,-12.961,-12.961,0.00
33.37810,-12.980,-12.980,0.00
33.38840,-12.980,-12.994,0.00
33.39870,-12.994,-12.994,0.00
33.40887,-12.994,-12.994,0.00
33.41905,-13.007,-13.007,0.00
33.42923,-13.007,-13.007,0.00
33.43940,-13.020,-13.020,0.00
33.44957,-13.020,-13.020,0.00
33.45974,-13.031,-13.031,0.00
33.46990,-13.031,-13.031,0.00
33.48007,-13.031,-13.038,0.00
33.49024,-13.038,-13.038,0.00
33.50042,-13.045,-13.045,0.00
33.51059,-13.045,-13.053,0.00
33.52074,-13.053,-13.053,0.00
33.53089,-13.053,-13.068,0.00
33.54116,-13.068,-13.068,0.00
33.55132,-13.068,-13.082,0.00
33.56149,-13.082,-13.082,0.00
33.57164,-13.082,-13.093,0.00
33.58182,-13.093,-13.093,0.00
33.59198,-13.103,-13.103,0.00
33.60283,-13.103,-13.103,0.00
33.61299,-13.103,-13.103,0.00
33.62315,-13.103,-13.103,0.00
33.63332,-13.092,-13.092,0.00
33.64347,-13.092,-13.092,0.00
33.65364,-13.079,-13.079,0.00
33.66379,-13.079,-13.079,0.00
33.67396,-13.079,-13.066,0.00
33.68411,-13.066,-13.066,0.00
33.69428,-13.066,-13.049,0.00
33.70443,-13.049,-13.049,0.00
33.71460,-13.049,-13.026,0.00
33.72475,-13.026,-13.026,0.00
33.73492,-13.026,-12.995,0.00
33.74516,-12.995,-12.995,0.00
33.75532,-12.995,-12.956,0.00
33.76549,-12.956,-12.956,0.00
33.77564,-12.917,-12.917,0.00
33.78580,-12.917,-12.917,0.00
33.79596,-12.879,-12.879,0.00
33.80613,-12.879,-12.879,0.00
33.81630,-12.844,-12.844,0.00
33.82722,-12.844,-12.844,0.00
33.83741,-12.813,-12.813,0.00
33.84757,-12.813,-12.787,0.00
33.85775,-12.787,-12.787,0.00
33.86792,-12.787,-12.787,0.00
33.87807,-12.770,-12.770,0.00
33.88823,-12.770,-12.770,0.00
33.89840,-12.757,-12.757,0.00
33.90872,-12.757,-12.757,0.00
33.91901,-12.744,-12.744,0.00
33.92917,-12.744,-12.744,0.00
33.93933,-12.744,-12.728,0.00
33.94951,-12.728,-12.728,0.00
33.95967,-12.716,-12.716,0.00
33.96985,-12.716,-12.716,0.00
33.98000,-12.705,-12.705,0.00
33.99017,-12.705,-12.705,0.00
34.00034,-12.694,-12.694,0.00
34.01051,-12.694,-12.694,0.00
34.02067,-12.686,-12.686,0.00
34.03086,-12.686,-12.680,0.00
34.04103,-12.680,-12.680,0.00
34.05119,-12.680,-12.675,0.00
34.06135,-12.675,-12.675,0.00
34.07164,-12.675,-12.670,0.00
34.08180,-12.670,-12.670,0.00
34.09197,-12.670,-12.666,0.00
34.10214,-12.666,-12.666,0.00
34.11229,-12.662,-12.662,0.00
34.12245,-12.662,-12.662,0.00
34.13263,-12.662,-12.651,0.00
34.14279,-12.651,-12.651,0.00
34.15296,-12.651,-12.639,0.00
34.16323,-12.639,-12.639,0.00
34.17342,-12.639,-12.629,0.00
34.18358,-12.629,-12.629,0.00
34.19375,-12.629,-12.629,0.00
34.20393,-12.621,-12.621,0.00
34.21410,-12.621,-12.611,0.00
34.22426,-12.611,-12.611,0.00
34.23442,-12.598,-12.598,0.00
34.24457,-12.598,-12.598,0.00
34.25474,-12.588,-12.588,0.00
34.26490,-12.588,-12.588,0.00
34.27507,-12.585,-12.585,0.00
34.28524,-12.585,-12.585,0.00
34.29541,-12.585,-12.588,0.00
34.30556,-12.588,-12.588,0.00
34.31572,-12.589,-12.589,0.00
34.32633,-12.589,-12.589,0.00
34.33650,-12.589,-12.589,0.00
34.34697,-12.589,-12.589,0.00
34.35715,-12.590,-12.590,0.00
34.36731,-12.590,-12.596,0.00
34.37763,-12.596,-12.596,0.00
34.38778,-12.596,-12.596,0.00
34.39795,-12.596,-12.606,0.00
34.40825,-12.606,-12.615,0.00
34.41864,-12.615,-12.615,0.00
34.42911,-12.615,-12.620,0.00
34.43940,-12.620,-12.620,0.00
34.44957,-12.620,-12.620,0.00
34.45974,-12.628,-12.628,0.00
34.46991,-12.628,-12.628,0.00
34.48020,-12.643,-12.643,0.00
34.49035,-12.643,-12.643,0.00
34.50050,-12.658,-12.658,0.00
34.51067,-12.658,-12.670,0.00
34.52083,-12.670,-12.670,0.00
34.53100,-12.670,-12.685,0.00
34.54117,-12.685,-12.685,0.00
34.55134,-12.685,-12.707,0.00
34.56152,-12.707,-12.707,0.00
34.57169,-12.731,-12.731,0.00
34.58184,-12.731,-12.731,0.00
34.59200,-12.731,-12.731,0.00
34.60219,-12.759,-12.759,0.00
34.61237,-12.759,-12.759,0.00
34.62253,-12.783,-12.783,0.00
34.63269,-12.783,-12.799,0.00
34.64285,-12.799,-12.799,0.00
34.65300,-12.799,-12.813,0.00
34.66315,-12.813,-12.813,0.00
34.67330,-12.813,-12.840,0.00
34.68345,-12.840,-12.840,0.00
34.69361,-12.870,-12.870,0.00
34.70376,-12.870,-12.870,0.00
34.71391,-12.897,-12.897,0.00
34.72405,-12.897,-12.897,0.00
34.73419,-12.924,-12.924,0.00
